========================================
XEN INSTALLATION LOG
========================================
Installation Date: 2025-10-25 07:13:58
Hostname: AMS765477

Step 1: Update package lists...

WARNING: apt does not have a stable CLI interface. Use with caution in scripts.

Get:1 http://security.ubuntu.com/ubuntu jammy-security InRelease [129 kB]
Get:2 http://mirrors.online.net/ubuntu jammy InRelease [270 kB]
Get:3 http://mirrors.online.net/ubuntu jammy-updates InRelease [128 kB]
Get:4 http://mirrors.online.net/ubuntu jammy-backports InRelease [127 kB]
Get:5 http://mirrors.online.net/ubuntu jammy-updates/main amd64 Packages [3,028 kB]
Get:6 http://mirrors.online.net/ubuntu jammy-updates/universe amd64 Packages [1,242 kB]
Fetched 4,923 kB in 2s (2,377 kB/s)
Reading package lists...
Building dependency tree...
Reading state information...
63 packages can be upgraded. Run 'apt list --upgradable' to see them.
✓ Package lists updated

Step 2: Install Xen hypervisor and tools...

WARNING: apt does not have a stable CLI interface. Use with caution in scripts.

Reading package lists...
Building dependency tree...
Reading state information...
The following additional packages will be installed:
  acl adwaita-icon-theme alsa-topology-conf alsa-ucm-conf at-spi2-core
  dconf-gsettings-backend dconf-service debian-archive-keyring debootstrap
  debugedit dnsmasq-base fontconfig fontconfig-config fonts-dejavu-core
  gir1.2-freedesktop gir1.2-libosinfo-1.0 glib-networking
  glib-networking-common glib-networking-services grub-xen-bin grub-xen-host
  gsettings-desktop-schemas gstreamer1.0-plugins-base
  gstreamer1.0-plugins-good gstreamer1.0-x gtk-update-icon-cache
  hicolor-icon-theme humanity-icon-theme i965-va-driver ibverbs-providers
  intel-media-va-driver ipxe-qemu jq libaa1 libasound2 libasound2-data
  libasyncns0 libatk-bridge2.0-0 libatk1.0-0 libatk1.0-data libatspi2.0-0
  libauthen-sasl-perl libavahi-client3 libavahi-common-data libavahi-common3
  libavc1394-0 libboost-iostreams1.74.0 libboost-thread1.74.0 libbrlapi0.8
  libburn4 libcaca0 libcacard0 libcairo-gobject2 libcairo2 libcdparanoia0
  libclone-perl libcolord2 libconfig-inifiles-perl libcups2 libdata-dump-perl
  libdata-validate-domain-perl libdata-validate-ip-perl
  libdata-validate-uri-perl libdatrie1 libdaxctl1 libdconf1 libdecor-0-0
  libdecor-0-plugin-1-cairo libdeflate0 libdrm-amdgpu1 libdrm-intel1
  libdrm-nouveau2 libdrm-radeon1 libdv4 libencode-locale-perl libepoxy0
  libexpect-perl libfdt1 libfile-listing-perl libfile-slurp-perl
  libfile-which-perl libflac8 libfont-afm-perl libfontconfig1 libfsverity0
  libgbm1 libgdk-pixbuf-2.0-0 libgdk-pixbuf2.0-bin libgdk-pixbuf2.0-common
  libgfapi0 libgfrpc0 libgfxdr0 libgl1 libgl1-amber-dri libgl1-mesa-dri
  libglapi-mesa libglusterfs0 libglvnd0 libglx-mesa0 libglx0 libgomp1
  libgovirt-common libgovirt2 libgraphite2-3 libgstreamer-plugins-base1.0-0
  libgstreamer-plugins-good1.0-0 libgtk-3-0 libgtk-3-bin libgtk-3-common
  libgtk-vnc-2.0-0 libgvnc-1.0-0 libharfbuzz0b libhtml-form-perl
  libhtml-format-perl libhtml-parser-perl libhtml-tagset-perl
  libhtml-tree-perl libhttp-cookies-perl libhttp-daemon-perl libhttp-date-perl
  libhttp-message-perl libhttp-negotiate-perl libibverbs1 libiec61883-0
  libigdgmm12 libio-html-perl libio-pty-perl libio-socket-ssl-perl
  libio-stty-perl libiscsi7 libisoburn1 libisofs6 libjack-jackd2-0 libjbig0
  libjpeg-turbo8 libjpeg8 libjq1 libjte2 liblcms2-2 libllvm15
  liblog-message-perl liblog-message-simple-perl liblua5.3-0
  liblwp-mediatypes-perl liblwp-protocol-https-perl libmailtools-perl
  libmath-base85-perl libmp3lame0 libmpg123-0 libndctl6 libnet-domain-tld-perl
  libnet-http-perl libnet-ipv6addr-perl libnet-netmask-perl
  libnet-smtp-ssl-perl libnet-ssleay-perl libnetaddr-ip-perl libnl-route-3-200
  libnss-mymachines libnss-systemd libogg0 libonig5 libopus0 liborc-0.4-0
  libosinfo-1.0-0 libpam-systemd libpango-1.0-0 libpangocairo-1.0-0
  libpangoft2-1.0-0 libpciaccess0 libpcsclite1 libphodav-2.0-0
  libphodav-2.0-common libpixman-1-0 libpmem1 libpmemobj1 libproxy1v5
  libpulse0 librados2 libraw1394-11 librbd1 librdmacm1 librest-0.7-0 librpm9
  librpmbuild9 librpmio9 librpmsign9 librsvg2-2 librsvg2-common libsamplerate0
  libsdl2-2.0-0 libsensors-config libsensors5 libshout3 libslirp0 libsndfile1
  libsocket6-perl libsort-versions-perl libsoup-gnome2.4-1 libsoup2.4-1
  libsoup2.4-common libspeex1 libspice-client-glib-2.0-8
  libspice-client-gtk-3.0-5 libspice-server1 libsystemd0 libtag1v5
  libtag1v5-vanilla libterm-size-perl libterm-ui-perl libtext-template-perl
  libthai-data libthai0 libtheora0 libtiff5 libtimedate-perl libtpms0
  libtry-tiny-perl libtwolame0 liburi-perl liburing2 libusbredirhost1
  libusbredirparser1 libv4l-0 libv4lconvert0 libva-x11-2 libva2
  libvirglrenderer1 libvirt-clients libvirt-daemon
  libvirt-daemon-config-network libvirt-daemon-config-nwfilter
  libvirt-daemon-driver-qemu libvirt-daemon-system-systemd libvirt-glib-1.0-0
  libvirt-glib-1.0-data libvirt0 libvisual-0.4-0 libvorbis0a libvorbisenc2
  libvpx7 libvte-2.91-0 libvte-2.91-common libwavpack1 libwayland-client0
  libwayland-cursor0 libwayland-egl1 libwayland-server0 libwebp7 libwww-perl
  libwww-robotrules-perl libx11-xcb1 libxcb-dri2-0 libxcb-dri3-0 libxcb-glx0
  libxcb-present0 libxcb-randr0 libxcb-render0 libxcb-shm0 libxcb-sync1
  libxcb-xfixes0 libxcomposite1 libxcursor1 libxdamage1 libxencall1
  libxendevicemodel1 libxenevtchn1 libxenforeignmemory1 libxengnttab1
  libxenhypfs1 libxenmisc4.16 libxenstore4 libxentoolcore1 libxentoollog1
  libxfixes3 libxi6 libxinerama1 libxkbcommon0 libxml2-utils libxrandr2
  libxrender1 libxshmfence1 libxss1 libxtst6 libxv1 libxxf86vm1 libyajl2
  mdevctl mesa-va-drivers osinfo-db ovmf perl-openssl-defaults python3-libvirt
  python3-libxml2 qemu-block-extra qemu-system-common qemu-system-data
  qemu-system-gui qemu-system-x86-xen qemu-utils rinse rpm rpm-common rpm2cpio
  seabios session-migration spice-client-glib-usb-acl-helper swtpm swtpm-tools
  systemd systemd-container systemd-sysv ubuntu-mono va-driver-all virt-viewer
  x11-common xen-hypervisor-common xen-utils-4.16 xenstore-utils xorriso
Suggested packages:
  ifupdown squid-deb-proxy-client arch-test gvfs i965-va-driver-shaders
  libasound2-plugins alsa-utils libdigest-hmac-perl libgssapi-perl colord
  cups-common libdv-bin oss-compat libvisual-0.4-plugins jackd2 liblcms2-utils
  libcrypt-ssleay-perl opus-tools libosinfo-l10n pcscd pulseaudio
  libraw1394-doc librsvg2-bin xdg-utils lm-sensors speex gstreamer1.0-libav
  gstreamer1.0-plugins-bad gstreamer1.0-plugins-ugly libsub-name-perl
  libbusiness-isbn-perl libvirt-login-shell
  libvirt-daemon-driver-storage-gluster
  libvirt-daemon-driver-storage-iscsi-direct libvirt-daemon-driver-storage-rbd
  libvirt-daemon-driver-storage-zfs libvirt-daemon-driver-lxc
  libvirt-daemon-driver-vbox libvirt-daemon-driver-xen numad auditd nfs-common
  pm-utils systemtap zfsutils libauthen-ntlm-perl alien elfutils rpmlint
  rpm-i18n trousers libtss2-rc0 python3-argcomplete cfengine2 reiserfsprogs
  xen-doc xorriso-tcltk jigit cdck
Recommended packages:
  qemu-kvm | qemu-system
The following NEW packages will be installed:
  acl adwaita-icon-theme alsa-topology-conf alsa-ucm-conf at-spi2-core
  bridge-utils dconf-gsettings-backend dconf-service debian-archive-keyring
  debootstrap debugedit dnsmasq-base fontconfig fontconfig-config
  fonts-dejavu-core gir1.2-freedesktop gir1.2-libosinfo-1.0 glib-networking
  glib-networking-common glib-networking-services grub-xen-bin grub-xen-host
  gsettings-desktop-schemas gstreamer1.0-plugins-base
  gstreamer1.0-plugins-good gstreamer1.0-x gtk-update-icon-cache
  hicolor-icon-theme humanity-icon-theme i965-va-driver ibverbs-providers
  intel-media-va-driver ipxe-qemu jq libaa1 libasound2 libasound2-data
  libasyncns0 libatk-bridge2.0-0 libatk1.0-0 libatk1.0-data libatspi2.0-0
  libauthen-sasl-perl libavahi-client3 libavahi-common-data libavahi-common3
  libavc1394-0 libboost-iostreams1.74.0 libboost-thread1.74.0 libbrlapi0.8
  libburn4 libcaca0 libcacard0 libcairo-gobject2 libcairo2 libcdparanoia0
  libclone-perl libcolord2 libconfig-inifiles-perl libcups2 libdata-dump-perl
  libdata-validate-domain-perl libdata-validate-ip-perl
  libdata-validate-uri-perl libdatrie1 libdaxctl1 libdconf1 libdecor-0-0
  libdecor-0-plugin-1-cairo libdeflate0 libdrm-amdgpu1 libdrm-intel1
  libdrm-nouveau2 libdrm-radeon1 libdv4 libencode-locale-perl libepoxy0
  libexpect-perl libfdt1 libfile-listing-perl libfile-slurp-perl
  libfile-which-perl libflac8 libfont-afm-perl libfontconfig1 libfsverity0
  libgbm1 libgdk-pixbuf-2.0-0 libgdk-pixbuf2.0-bin libgdk-pixbuf2.0-common
  libgfapi0 libgfrpc0 libgfxdr0 libgl1 libgl1-amber-dri libgl1-mesa-dri
  libglapi-mesa libglusterfs0 libglvnd0 libglx-mesa0 libglx0 libgomp1
  libgovirt-common libgovirt2 libgraphite2-3 libgstreamer-plugins-base1.0-0
  libgstreamer-plugins-good1.0-0 libgtk-3-0 libgtk-3-bin libgtk-3-common
  libgtk-vnc-2.0-0 libgvnc-1.0-0 libharfbuzz0b libhtml-form-perl
  libhtml-format-perl libhtml-parser-perl libhtml-tagset-perl
  libhtml-tree-perl libhttp-cookies-perl libhttp-daemon-perl libhttp-date-perl
  libhttp-message-perl libhttp-negotiate-perl libibverbs1 libiec61883-0
  libigdgmm12 libio-html-perl libio-pty-perl libio-socket-ssl-perl
  libio-stty-perl libiscsi7 libisoburn1 libisofs6 libjack-jackd2-0 libjbig0
  libjpeg-turbo8 libjpeg8 libjq1 libjte2 liblcms2-2 libllvm15
  liblog-message-perl liblog-message-simple-perl liblua5.3-0
  liblwp-mediatypes-perl liblwp-protocol-https-perl libmailtools-perl
  libmath-base85-perl libmp3lame0 libmpg123-0 libndctl6 libnet-domain-tld-perl
  libnet-http-perl libnet-ipv6addr-perl libnet-netmask-perl
  libnet-smtp-ssl-perl libnet-ssleay-perl libnetaddr-ip-perl libnl-route-3-200
  libnss-mymachines libogg0 libonig5 libopus0 liborc-0.4-0 libosinfo-1.0-0
  libpango-1.0-0 libpangocairo-1.0-0 libpangoft2-1.0-0 libpciaccess0
  libpcsclite1 libphodav-2.0-0 libphodav-2.0-common libpixman-1-0 libpmem1
  libpmemobj1 libproxy1v5 libpulse0 librados2 libraw1394-11 librbd1 librdmacm1
  librest-0.7-0 librpm9 librpmbuild9 librpmio9 librpmsign9 librsvg2-2
  librsvg2-common libsamplerate0 libsdl2-2.0-0 libsensors-config libsensors5
  libshout3 libslirp0 libsndfile1 libsocket6-perl libsort-versions-perl
  libsoup-gnome2.4-1 libsoup2.4-1 libsoup2.4-common libspeex1
  libspice-client-glib-2.0-8 libspice-client-gtk-3.0-5 libspice-server1
  libtag1v5 libtag1v5-vanilla libterm-size-perl libterm-ui-perl
  libtext-template-perl libthai-data libthai0 libtheora0 libtiff5
  libtimedate-perl libtpms0 libtry-tiny-perl libtwolame0 liburi-perl liburing2
  libusbredirhost1 libusbredirparser1 libv4l-0 libv4lconvert0 libva-x11-2
  libva2 libvirglrenderer1 libvirt-clients libvirt-daemon
  libvirt-daemon-config-network libvirt-daemon-config-nwfilter
  libvirt-daemon-driver-qemu libvirt-daemon-system
  libvirt-daemon-system-systemd libvirt-glib-1.0-0 libvirt-glib-1.0-data
  libvirt0 libvisual-0.4-0 libvorbis0a libvorbisenc2 libvpx7 libvte-2.91-0
  libvte-2.91-common libwavpack1 libwayland-client0 libwayland-cursor0
  libwayland-egl1 libwayland-server0 libwebp7 libwww-perl
  libwww-robotrules-perl libx11-xcb1 libxcb-dri2-0 libxcb-dri3-0 libxcb-glx0
  libxcb-present0 libxcb-randr0 libxcb-render0 libxcb-shm0 libxcb-sync1
  libxcb-xfixes0 libxcomposite1 libxcursor1 libxdamage1 libxencall1
  libxendevicemodel1 libxenevtchn1 libxenforeignmemory1 libxengnttab1
  libxenhypfs1 libxenmisc4.16 libxenstore4 libxentoolcore1 libxentoollog1
  libxfixes3 libxi6 libxinerama1 libxkbcommon0 libxml2-utils libxrandr2
  libxrender1 libxshmfence1 libxss1 libxtst6 libxv1 libxxf86vm1 libyajl2
  mdevctl mesa-va-drivers osinfo-db ovmf perl-openssl-defaults python3-libvirt
  python3-libxml2 qemu-block-extra qemu-system-common qemu-system-data
  qemu-system-gui qemu-system-x86-xen qemu-utils rinse rpm rpm-common rpm2cpio
  seabios session-migration spice-client-glib-usb-acl-helper swtpm swtpm-tools
  systemd-container ubuntu-mono va-driver-all virt-viewer virtinst x11-common
  xen-hypervisor-4.16-amd64 xen-hypervisor-common xen-tools xen-utils-4.16
  xen-utils-common xenstore-utils xorriso
The following packages will be upgraded:
  libnss-systemd libpam-systemd libsystemd0 systemd systemd-sysv
5 upgraded, 321 newly installed, 0 to remove and 58 not upgraded.
Need to get 137 MB of archives.
After this operation, 521 MB of additional disk space will be used.
Get:1 http://mirrors.online.net/ubuntu jammy-updates/main amd64 libnss-systemd amd64 249.11-0ubuntu3.17 [133 kB]
Get:2 http://mirrors.online.net/ubuntu jammy-updates/main amd64 systemd-sysv amd64 249.11-0ubuntu3.17 [10.5 kB]
Get:3 http://mirrors.online.net/ubuntu jammy-updates/main amd64 libpam-systemd amd64 249.11-0ubuntu3.17 [203 kB]
Get:4 http://mirrors.online.net/ubuntu jammy-updates/main amd64 systemd amd64 249.11-0ubuntu3.17 [4,583 kB]
Get:5 http://mirrors.online.net/ubuntu jammy-updates/main amd64 libsystemd0 amd64 249.11-0ubuntu3.17 [317 kB]
Get:6 http://mirrors.online.net/ubuntu jammy/main amd64 acl amd64 2.3.1-1 [38.5 kB]
Get:7 http://mirrors.online.net/ubuntu jammy/main amd64 hicolor-icon-theme all 0.17-2 [9,976 B]
Get:8 http://mirrors.online.net/ubuntu jammy-updates/main amd64 libgdk-pixbuf2.0-common all 2.42.8+dfsg-1ubuntu0.4 [5,546 B]
Get:9 http://mirrors.online.net/ubuntu jammy/main amd64 libjpeg-turbo8 amd64 2.1.2-0ubuntu1 [134 kB]
Get:10 http://mirrors.online.net/ubuntu jammy/main amd64 libjpeg8 amd64 8c-2ubuntu10 [2,264 B]
Get:11 http://mirrors.online.net/ubuntu jammy/main amd64 libdeflate0 amd64 1.10-2 [70.9 kB]
Get:12 http://mirrors.online.net/ubuntu jammy-updates/main amd64 libjbig0 amd64 2.1-3.1ubuntu0.22.04.1 [29.2 kB]
Get:13 http://mirrors.online.net/ubuntu jammy-updates/main amd64 libwebp7 amd64 1.2.2-2ubuntu0.22.04.2 [206 kB]
Get:14 http://mirrors.online.net/ubuntu jammy-updates/main amd64 libtiff5 amd64 4.3.0-6ubuntu0.12 [185 kB]
Get:15 http://mirrors.online.net/ubuntu jammy-updates/main amd64 libgdk-pixbuf-2.0-0 amd64 2.42.8+dfsg-1ubuntu0.4 [148 kB]
Get:16 http://mirrors.online.net/ubuntu jammy-updates/main amd64 gtk-update-icon-cache amd64 3.24.33-1ubuntu2.2 [31.4 kB]
Get:17 http://mirrors.online.net/ubuntu jammy/main amd64 humanity-icon-theme all 0.6.16 [1,282 kB]
Get:18 http://mirrors.online.net/ubuntu jammy/main amd64 ubuntu-mono all 20.10-0ubuntu2 [153 kB]
Get:19 http://mirrors.online.net/ubuntu jammy/main amd64 adwaita-icon-theme all 41.0-1ubuntu1 [3,444 kB]
Get:20 http://mirrors.online.net/ubuntu jammy/main amd64 alsa-topology-conf all 1.2.5.1-2 [15.5 kB]
Get:21 http://mirrors.online.net/ubuntu jammy/main amd64 libasound2-data all 1.2.6.1-1ubuntu1 [19.1 kB]
Get:22 http://mirrors.online.net/ubuntu jammy/main amd64 libasound2 amd64 1.2.6.1-1ubuntu1 [390 kB]
Get:23 http://mirrors.online.net/ubuntu jammy-updates/main amd64 alsa-ucm-conf all 1.2.6.3-1ubuntu1.12 [43.5 kB]
Get:24 http://mirrors.online.net/ubuntu jammy/main amd64 libxi6 amd64 2:1.8-1build1 [32.6 kB]
Get:25 http://mirrors.online.net/ubuntu jammy/main amd64 libatspi2.0-0 amd64 2.44.0-3 [80.9 kB]
Get:26 http://mirrors.online.net/ubuntu jammy/main amd64 x11-common all 1:7.7+23ubuntu2 [23.4 kB]
Get:27 http://mirrors.online.net/ubuntu jammy/main amd64 libxtst6 amd64 2:1.2.3-1build4 [13.4 kB]
Get:28 http://mirrors.online.net/ubuntu jammy-updates/main amd64 libdconf1 amd64 0.40.0-3ubuntu0.1 [40.5 kB]
Get:29 http://mirrors.online.net/ubuntu jammy-updates/main amd64 dconf-service amd64 0.40.0-3ubuntu0.1 [28.1 kB]
Get:30 http://mirrors.online.net/ubuntu jammy-updates/main amd64 dconf-gsettings-backend amd64 0.40.0-3ubuntu0.1 [22.7 kB]
Get:31 http://mirrors.online.net/ubuntu jammy/main amd64 session-migration amd64 0.3.6 [9,774 B]
Get:32 http://mirrors.online.net/ubuntu jammy/main amd64 gsettings-desktop-schemas all 42.0-1ubuntu1 [31.1 kB]
Get:33 http://mirrors.online.net/ubuntu jammy/main amd64 at-spi2-core amd64 2.44.0-3 [54.4 kB]
Get:34 http://mirrors.online.net/ubuntu jammy/main amd64 bridge-utils amd64 1.7-1ubuntu3 [34.4 kB]
Get:35 http://mirrors.online.net/ubuntu jammy/universe amd64 debian-archive-keyring all 2021.1.1ubuntu2 [90.6 kB]
Get:36 http://mirrors.online.net/ubuntu jammy/main amd64 debugedit amd64 1:5.0-4build1 [47.2 kB]
Get:37 http://mirrors.online.net/ubuntu jammy-updates/main amd64 dnsmasq-base amd64 2.90-0ubuntu0.22.04.1 [374 kB]
Get:38 http://mirrors.online.net/ubuntu jammy/main amd64 fonts-dejavu-core all 2.37-2build1 [1,041 kB]
Get:39 http://mirrors.online.net/ubuntu jammy/main amd64 fontconfig-config all 2.13.1-4.2ubuntu5 [29.1 kB]
Get:40 http://mirrors.online.net/ubuntu jammy/main amd64 libfontconfig1 amd64 2.13.1-4.2ubuntu5 [131 kB]
Get:41 http://mirrors.online.net/ubuntu jammy/main amd64 fontconfig amd64 2.13.1-4.2ubuntu5 [177 kB]
Get:42 http://mirrors.online.net/ubuntu jammy/main amd64 gir1.2-freedesktop amd64 1.72.0-1 [22.3 kB]
Get:43 http://mirrors.online.net/ubuntu jammy/main amd64 libproxy1v5 amd64 0.4.17-2 [51.9 kB]
Get:44 http://mirrors.online.net/ubuntu jammy/main amd64 glib-networking-common all 2.72.0-1 [3,718 B]
Get:45 http://mirrors.online.net/ubuntu jammy/main amd64 glib-networking-services amd64 2.72.0-1 [9,982 B]
Get:46 http://mirrors.online.net/ubuntu jammy/main amd64 glib-networking amd64 2.72.0-1 [69.8 kB]
Get:47 http://mirrors.online.net/ubuntu jammy/main amd64 libcdparanoia0 amd64 3.10.2+debian-14build2 [49.3 kB]
Get:48 http://mirrors.online.net/ubuntu jammy-updates/main amd64 liborc-0.4-0 amd64 1:0.4.32-2ubuntu0.1 [228 kB]
Get:49 http://mirrors.online.net/ubuntu jammy-updates/main amd64 libgstreamer-plugins-base1.0-0 amd64 1.20.1-1ubuntu0.5 [848 kB]
Get:50 http://mirrors.online.net/ubuntu jammy/main amd64 libogg0 amd64 1.3.5-0ubuntu3 [22.9 kB]
Get:51 http://mirrors.online.net/ubuntu jammy/main amd64 libopus0 amd64 1.3.1-0.1build2 [203 kB]
Get:52 http://mirrors.online.net/ubuntu jammy-updates/main amd64 libpixman-1-0 amd64 0.40.0-1ubuntu0.22.04.1 [264 kB]
Get:53 http://mirrors.online.net/ubuntu jammy/main amd64 libxcb-render0 amd64 1.14-3ubuntu3 [16.4 kB]
Get:54 http://mirrors.online.net/ubuntu jammy/main amd64 libxcb-shm0 amd64 1.14-3ubuntu3 [5,780 B]
Get:55 http://mirrors.online.net/ubuntu jammy/main amd64 libxrender1 amd64 1:0.9.10-1build4 [19.7 kB]
Get:56 http://mirrors.online.net/ubuntu jammy/main amd64 libcairo2 amd64 1.16.0-5ubuntu2 [628 kB]
Get:57 http://mirrors.online.net/ubuntu jammy/main amd64 libtheora0 amd64 1.1.1+dfsg.1-15ubuntu4 [209 kB]
Get:58 http://mirrors.online.net/ubuntu jammy/main amd64 libvisual-0.4-0 amd64 0.4.0-17build2 [108 kB]
Get:59 http://mirrors.online.net/ubuntu jammy/main amd64 libvorbis0a amd64 1.3.7-1build2 [99.2 kB]
Get:60 http://mirrors.online.net/ubuntu jammy/main amd64 libvorbisenc2 amd64 1.3.7-1build2 [82.6 kB]
Get:61 http://mirrors.online.net/ubuntu jammy-updates/main amd64 gstreamer1.0-plugins-base amd64 1.20.1-1ubuntu0.5 [712 kB]
Get:62 http://mirrors.online.net/ubuntu jammy/main amd64 libaa1 amd64 1.4p5-50build1 [51.9 kB]
Get:63 http://mirrors.online.net/ubuntu jammy/main amd64 libraw1394-11 amd64 2.1.2-2build2 [27.0 kB]
Get:64 http://mirrors.online.net/ubuntu jammy/main amd64 libavc1394-0 amd64 0.5.4-5build2 [17.0 kB]
Get:65 http://mirrors.online.net/ubuntu jammy/main amd64 libcaca0 amd64 0.99.beta19-2.2ubuntu4 [224 kB]
Get:66 http://mirrors.online.net/ubuntu jammy/main amd64 libcairo-gobject2 amd64 1.16.0-5ubuntu2 [19.4 kB]
Get:67 http://mirrors.online.net/ubuntu jammy/main amd64 libdv4 amd64 1.0.0-14build1 [61.9 kB]
Get:68 http://mirrors.online.net/ubuntu jammy-updates/main amd64 libflac8 amd64 1.3.3-2ubuntu0.2 [111 kB]
Get:69 http://mirrors.online.net/ubuntu jammy-updates/main amd64 libgstreamer-plugins-good1.0-0 amd64 1.20.3-0ubuntu1.4 [30.2 kB]
Get:70 http://mirrors.online.net/ubuntu jammy/main amd64 libiec61883-0 amd64 1.2.0-4build3 [25.9 kB]
Get:71 http://mirrors.online.net/ubuntu jammy/main amd64 libsamplerate0 amd64 0.2.2-1build1 [1,359 kB]
Get:72 http://mirrors.online.net/ubuntu jammy/main amd64 libjack-jackd2-0 amd64 1.9.20~dfsg-1 [293 kB]
Get:73 http://mirrors.online.net/ubuntu jammy/main amd64 libmp3lame0 amd64 3.100-3build2 [141 kB]
Get:74 http://mirrors.online.net/ubuntu jammy-updates/main amd64 libmpg123-0 amd64 1.29.3-1ubuntu0.1 [172 kB]
Get:75 http://mirrors.online.net/ubuntu jammy/main amd64 libasyncns0 amd64 0.8-6build2 [12.8 kB]
Get:76 http://mirrors.online.net/ubuntu jammy-updates/main amd64 libsndfile1 amd64 1.0.31-2ubuntu0.2 [196 kB]
Get:77 http://mirrors.online.net/ubuntu jammy-updates/main amd64 libx11-xcb1 amd64 2:1.7.5-1ubuntu0.3 [7,802 B]
Get:78 http://mirrors.online.net/ubuntu jammy-updates/main amd64 libpulse0 amd64 1:15.99.1+dfsg1-1ubuntu2.2 [298 kB]
Get:79 http://mirrors.online.net/ubuntu jammy/main amd64 libspeex1 amd64 1.2~rc1.2-1.1ubuntu3 [57.9 kB]
Get:80 http://mirrors.online.net/ubuntu jammy/main amd64 libshout3 amd64 2.4.5-1build3 [54.5 kB]
Get:81 http://mirrors.online.net/ubuntu jammy/main amd64 libtag1v5-vanilla amd64 1.11.1+dfsg.1-3ubuntu3 [304 kB]
Get:82 http://mirrors.online.net/ubuntu jammy/main amd64 libtag1v5 amd64 1.11.1+dfsg.1-3ubuntu3 [11.5 kB]
Get:83 http://mirrors.online.net/ubuntu jammy/main amd64 libtwolame0 amd64 0.4.0-2build2 [52.5 kB]
Get:84 http://mirrors.online.net/ubuntu jammy/main amd64 libv4lconvert0 amd64 1.22.1-2build1 [82.4 kB]
Get:85 http://mirrors.online.net/ubuntu jammy/main amd64 libv4l-0 amd64 1.22.1-2build1 [44.9 kB]
Get:86 http://mirrors.online.net/ubuntu jammy-updates/main amd64 libvpx7 amd64 1.11.0-2ubuntu2.4 [1,078 kB]
Get:87 http://mirrors.online.net/ubuntu jammy/main amd64 libwavpack1 amd64 5.4.0-1build2 [83.7 kB]
Get:88 http://mirrors.online.net/ubuntu jammy/main amd64 libxdamage1 amd64 1:1.1.5-2build2 [7,154 B]
Get:89 http://mirrors.online.net/ubuntu jammy/main amd64 libxfixes3 amd64 1:6.0.0-1 [11.7 kB]
Get:90 http://mirrors.online.net/ubuntu jammy-updates/main amd64 libsoup2.4-common all 2.74.2-3ubuntu0.6 [4,778 B]
Get:91 http://mirrors.online.net/ubuntu jammy-updates/main amd64 libsoup2.4-1 amd64 2.74.2-3ubuntu0.6 [288 kB]
Get:92 http://mirrors.online.net/ubuntu jammy-updates/main amd64 gstreamer1.0-plugins-good amd64 1.20.3-0ubuntu1.4 [2,009 kB]
Get:93 http://mirrors.online.net/ubuntu jammy/main amd64 libgraphite2-3 amd64 1.3.14-1build2 [71.3 kB]
Get:94 http://mirrors.online.net/ubuntu jammy-updates/main amd64 libharfbuzz0b amd64 2.7.4-1ubuntu3.2 [353 kB]
Get:95 http://mirrors.online.net/ubuntu jammy/main amd64 libthai-data all 0.1.29-1build1 [162 kB]
Get:96 http://mirrors.online.net/ubuntu jammy/main amd64 libdatrie1 amd64 0.2.13-2 [19.9 kB]
Get:97 http://mirrors.online.net/ubuntu jammy/main amd64 libthai0 amd64 0.1.29-1build1 [19.2 kB]
Get:98 http://mirrors.online.net/ubuntu jammy-updates/main amd64 libpango-1.0-0 amd64 1.50.6+ds-2ubuntu1 [230 kB]
Get:99 http://mirrors.online.net/ubuntu jammy-updates/main amd64 libpangoft2-1.0-0 amd64 1.50.6+ds-2ubuntu1 [54.0 kB]
Get:100 http://mirrors.online.net/ubuntu jammy-updates/main amd64 libpangocairo-1.0-0 amd64 1.50.6+ds-2ubuntu1 [39.8 kB]
Get:101 http://mirrors.online.net/ubuntu jammy/main amd64 libxv1 amd64 2:1.0.11-1build2 [11.2 kB]
Get:102 http://mirrors.online.net/ubuntu jammy-updates/main amd64 gstreamer1.0-x amd64 1.20.1-1ubuntu0.5 [85.1 kB]
Get:103 http://mirrors.online.net/ubuntu jammy/main amd64 libnl-route-3-200 amd64 3.5.0-0.1 [180 kB]
Get:104 http://mirrors.online.net/ubuntu jammy/main amd64 libibverbs1 amd64 39.0-1 [69.3 kB]
Get:105 http://mirrors.online.net/ubuntu jammy/main amd64 ibverbs-providers amd64 39.0-1 [341 kB]
Get:106 http://mirrors.online.net/ubuntu jammy/universe amd64 libva2 amd64 2.14.0-1 [65.0 kB]
Get:107 http://mirrors.online.net/ubuntu jammy/universe amd64 libigdgmm12 amd64 22.1.2+ds1-1 [139 kB]
Get:108 http://mirrors.online.net/ubuntu jammy-updates/universe amd64 intel-media-va-driver amd64 22.3.1+dfsg1-1ubuntu2 [2,283 kB]
Get:109 http://mirrors.online.net/ubuntu jammy/main amd64 ipxe-qemu all 1.21.1+git-20220113.fbbdc3926-0ubuntu1 [1,569 kB]
Get:110 http://mirrors.online.net/ubuntu jammy/main amd64 libonig5 amd64 6.9.7.1-2build1 [172 kB]
Get:111 http://mirrors.online.net/ubuntu jammy-updates/main amd64 libjq1 amd64 1.6-2.1ubuntu3.1 [133 kB]
Get:112 http://mirrors.online.net/ubuntu jammy-updates/main amd64 jq amd64 1.6-2.1ubuntu3.1 [52.5 kB]
Get:113 http://mirrors.online.net/ubuntu jammy/main amd64 libatk1.0-data all 2.36.0-3build1 [2,824 B]
Get:114 http://mirrors.online.net/ubuntu jammy/main amd64 libatk1.0-0 amd64 2.36.0-3build1 [51.9 kB]
Get:115 http://mirrors.online.net/ubuntu jammy/main amd64 libatk-bridge2.0-0 amd64 2.38.0-3 [66.6 kB]
Get:116 http://mirrors.online.net/ubuntu jammy-updates/main amd64 libavahi-common-data amd64 0.8-5ubuntu5.2 [23.8 kB]
Get:117 http://mirrors.online.net/ubuntu jammy-updates/main amd64 libavahi-common3 amd64 0.8-5ubuntu5.2 [23.9 kB]
Get:118 http://mirrors.online.net/ubuntu jammy-updates/main amd64 libavahi-client3 amd64 0.8-5ubuntu5.2 [28.0 kB]
Get:119 http://mirrors.online.net/ubuntu jammy/main amd64 libboost-iostreams1.74.0 amd64 1.74.0-14ubuntu3 [245 kB]
Get:120 http://mirrors.online.net/ubuntu jammy/main amd64 libboost-thread1.74.0 amd64 1.74.0-14ubuntu3 [262 kB]
Get:121 http://mirrors.online.net/ubuntu jammy-updates/main amd64 libbrlapi0.8 amd64 6.4-4ubuntu3 [28.7 kB]
Get:122 http://mirrors.online.net/ubuntu jammy/universe amd64 libburn4 amd64 1.5.4-1 [162 kB]
Get:123 http://mirrors.online.net/ubuntu jammy-updates/main amd64 libpcsclite1 amd64 1.9.5-3ubuntu1 [19.8 kB]
Get:124 http://mirrors.online.net/ubuntu jammy/main amd64 libcacard0 amd64 1:2.8.0-3build2 [38.0 kB]
Get:125 http://mirrors.online.net/ubuntu jammy/main amd64 libclone-perl amd64 0.45-1build3 [11.0 kB]
Get:126 http://mirrors.online.net/ubuntu jammy/main amd64 liblcms2-2 amd64 2.12~rc1-2build2 [159 kB]
Get:127 http://mirrors.online.net/ubuntu jammy/main amd64 libcolord2 amd64 1.4.6-1 [155 kB]
Get:128 http://mirrors.online.net/ubuntu jammy-updates/main amd64 libcups2 amd64 2.4.1op1-1ubuntu4.12 [264 kB]
Get:129 http://mirrors.online.net/ubuntu jammy/main amd64 libdata-dump-perl all 1.25-1 [25.9 kB]
Get:130 http://mirrors.online.net/ubuntu jammy/main amd64 libnet-domain-tld-perl all 1.75-1.1 [29.3 kB]
Get:131 http://mirrors.online.net/ubuntu jammy/main amd64 libdata-validate-domain-perl all 0.10-1.1 [9,992 B]
Get:132 http://mirrors.online.net/ubuntu jammy/main amd64 libnet-ipv6addr-perl all 1.02-1 [21.0 kB]
Get:133 http://mirrors.online.net/ubuntu jammy/main amd64 libnet-netmask-perl all 2.0001-1 [27.7 kB]
Get:134 http://mirrors.online.net/ubuntu jammy/main amd64 libnetaddr-ip-perl amd64 4.079+dfsg-1build7 [82.4 kB]
Get:135 http://mirrors.online.net/ubuntu jammy/main amd64 libdata-validate-ip-perl all 0.30-1 [17.3 kB]
Get:136 http://mirrors.online.net/ubuntu jammy/main amd64 libdata-validate-uri-perl all 0.07-2 [11.1 kB]
Get:137 http://mirrors.online.net/ubuntu jammy/main amd64 libdaxctl1 amd64 72.1-1 [19.8 kB]
Get:138 http://mirrors.online.net/ubuntu jammy-updates/main amd64 libwayland-client0 amd64 1.20.0-1ubuntu0.1 [25.9 kB]
Get:139 http://mirrors.online.net/ubuntu jammy/main amd64 libdecor-0-0 amd64 0.1.0-3build1 [15.1 kB]
Get:140 http://mirrors.online.net/ubuntu jammy-updates/main amd64 libwayland-cursor0 amd64 1.20.0-1ubuntu0.1 [10.7 kB]
Get:141 http://mirrors.online.net/ubuntu jammy/main amd64 libdecor-0-plugin-1-cairo amd64 0.1.0-3build1 [20.4 kB]
Get:142 http://mirrors.online.net/ubuntu jammy-updates/main amd64 libdrm-amdgpu1 amd64 2.4.113-2~ubuntu0.22.04.1 [19.9 kB]
Get:143 http://mirrors.online.net/ubuntu jammy/main amd64 libpciaccess0 amd64 0.16-3 [19.1 kB]
Get:144 http://mirrors.online.net/ubuntu jammy-updates/main amd64 libdrm-intel1 amd64 2.4.113-2~ubuntu0.22.04.1 [66.7 kB]
Get:145 http://mirrors.online.net/ubuntu jammy-updates/main amd64 libdrm-nouveau2 amd64 2.4.113-2~ubuntu0.22.04.1 [17.5 kB]
Get:146 http://mirrors.online.net/ubuntu jammy-updates/main amd64 libdrm-radeon1 amd64 2.4.113-2~ubuntu0.22.04.1 [21.6 kB]
Get:147 http://mirrors.online.net/ubuntu jammy/main amd64 libencode-locale-perl all 1.05-1.1 [11.8 kB]
Get:148 http://mirrors.online.net/ubuntu jammy/main amd64 libepoxy0 amd64 1.5.10-1 [237 kB]
Get:149 http://mirrors.online.net/ubuntu jammy/universe amd64 libio-stty-perl all 0.04-1 [14.2 kB]
Get:150 http://mirrors.online.net/ubuntu jammy/main amd64 libio-pty-perl amd64 1:1.15-2build2 [35.1 kB]
Get:151 http://mirrors.online.net/ubuntu jammy/universe amd64 libexpect-perl all 1.21-1.2 [66.6 kB]
Get:152 http://mirrors.online.net/ubuntu jammy/main amd64 libtimedate-perl all 2.3300-2 [34.0 kB]
Get:153 http://mirrors.online.net/ubuntu jammy/main amd64 libhttp-date-perl all 6.05-1 [9,920 B]
Get:154 http://mirrors.online.net/ubuntu jammy/main amd64 libfile-listing-perl all 6.14-1 [11.2 kB]
Get:155 http://mirrors.online.net/ubuntu jammy/universe amd64 libfile-slurp-perl all 9999.32-1 [21.5 kB]
Get:156 http://mirrors.online.net/ubuntu jammy/main amd64 libfile-which-perl all 1.23-1 [13.8 kB]
Get:157 http://mirrors.online.net/ubuntu jammy/main amd64 libfont-afm-perl all 1.20-3 [13.6 kB]
Get:158 http://mirrors.online.net/ubuntu jammy/universe amd64 libfsverity0 amd64 1.4-1~exp1build1 [10.4 kB]
Get:159 http://mirrors.online.net/ubuntu jammy-updates/main amd64 libwayland-server0 amd64 1.20.0-1ubuntu0.1 [34.3 kB]
Get:160 http://mirrors.online.net/ubuntu jammy/main amd64 libxcb-randr0 amd64 1.14-3ubuntu3 [18.3 kB]
Get:161 http://mirrors.online.net/ubuntu jammy-updates/main amd64 libgbm1 amd64 23.2.1-1ubuntu3.1~22.04.3 [33.5 kB]
Get:162 http://mirrors.online.net/ubuntu jammy-updates/main amd64 libgdk-pixbuf2.0-bin amd64 2.42.8+dfsg-1ubuntu0.4 [14.1 kB]
Get:163 http://mirrors.online.net/ubuntu jammy-updates/main amd64 libgfxdr0 amd64 10.1-1ubuntu0.2 [22.3 kB]
Get:164 http://mirrors.online.net/ubuntu jammy-updates/main amd64 libglusterfs0 amd64 10.1-1ubuntu0.2 [287 kB]
Get:165 http://mirrors.online.net/ubuntu jammy-updates/main amd64 libgfrpc0 amd64 10.1-1ubuntu0.2 [47.1 kB]
Get:166 http://mirrors.online.net/ubuntu jammy-updates/main amd64 libgfapi0 amd64 10.1-1ubuntu0.2 [77.3 kB]
Get:167 http://mirrors.online.net/ubuntu jammy-updates/main amd64 libglapi-mesa amd64 23.2.1-1ubuntu3.1~22.04.3 [35.4 kB]
Get:168 http://mirrors.online.net/ubuntu jammy-updates/main amd64 libgl1-amber-dri amd64 21.3.9-0ubuntu1~22.04.1 [4,218 kB]
Get:169 http://mirrors.online.net/ubuntu jammy-updates/main amd64 libllvm15 amd64 1:15.0.7-0ubuntu0.22.04.3 [25.4 MB]
Get:170 http://mirrors.online.net/ubuntu jammy/main amd64 libsensors-config all 1:3.6.0-7ubuntu1 [5,274 B]
Get:171 http://mirrors.online.net/ubuntu jammy/main amd64 libsensors5 amd64 1:3.6.0-7ubuntu1 [26.3 kB]
Get:172 http://mirrors.online.net/ubuntu jammy/main amd64 libxcb-dri3-0 amd64 1.14-3ubuntu3 [6,968 B]
Get:173 http://mirrors.online.net/ubuntu jammy-updates/main amd64 libgl1-mesa-dri amd64 23.2.1-1ubuntu3.1~22.04.3 [8,860 kB]
Get:174 http://mirrors.online.net/ubuntu jammy/main amd64 libxcb-dri2-0 amd64 1.14-3ubuntu3 [7,206 B]
Get:175 http://mirrors.online.net/ubuntu jammy/main amd64 libxcb-glx0 amd64 1.14-3ubuntu3 [25.9 kB]
Get:176 http://mirrors.online.net/ubuntu jammy/main amd64 libxcb-present0 amd64 1.14-3ubuntu3 [5,734 B]
Get:177 http://mirrors.online.net/ubuntu jammy/main amd64 libxcb-sync1 amd64 1.14-3ubuntu3 [9,416 B]
Get:178 http://mirrors.online.net/ubuntu jammy/main amd64 libxcb-xfixes0 amd64 1.14-3ubuntu3 [9,996 B]
Get:179 http://mirrors.online.net/ubuntu jammy/main amd64 libxshmfence1 amd64 1.3-1build4 [5,394 B]
Get:180 http://mirrors.online.net/ubuntu jammy/main amd64 libxxf86vm1 amd64 1:1.1.4-1build3 [10.4 kB]
Get:181 http://mirrors.online.net/ubuntu jammy-updates/main amd64 libglx-mesa0 amd64 23.2.1-1ubuntu3.1~22.04.3 [158 kB]
Get:182 http://mirrors.online.net/ubuntu jammy-updates/main amd64 libgomp1 amd64 12.3.0-1ubuntu1~22.04.2 [127 kB]
Get:183 http://mirrors.online.net/ubuntu jammy/universe amd64 libgovirt-common all 0.3.8-1 [19.7 kB]
Get:184 http://mirrors.online.net/ubuntu jammy-updates/main amd64 libsoup-gnome2.4-1 amd64 2.74.2-3ubuntu0.6 [6,418 B]
Get:185 http://mirrors.online.net/ubuntu jammy/main amd64 librest-0.7-0 amd64 0.8.1-1.1build2 [35.7 kB]
Get:186 http://mirrors.online.net/ubuntu jammy/universe amd64 libgovirt2 amd64 0.3.8-1 [46.0 kB]
Get:187 http://mirrors.online.net/ubuntu jammy-updates/main amd64 libwayland-egl1 amd64 1.20.0-1ubuntu0.1 [5,582 B]
Get:188 http://mirrors.online.net/ubuntu jammy/main amd64 libxcomposite1 amd64 1:0.4.5-1build2 [7,192 B]
Get:189 http://mirrors.online.net/ubuntu jammy/main amd64 libxcursor1 amd64 1:1.2.0-2build4 [20.9 kB]
Get:190 http://mirrors.online.net/ubuntu jammy/main amd64 libxinerama1 amd64 2:1.1.4-3 [7,382 B]
Get:191 http://mirrors.online.net/ubuntu jammy/main amd64 libxkbcommon0 amd64 1.4.0-1 [125 kB]
Get:192 http://mirrors.online.net/ubuntu jammy/main amd64 libxrandr2 amd64 2:1.5.2-1build1 [20.4 kB]
Get:193 http://mirrors.online.net/ubuntu jammy-updates/main amd64 libgtk-3-common all 3.24.33-1ubuntu2.2 [239 kB]
Get:194 http://mirrors.online.net/ubuntu jammy-updates/main amd64 libgtk-3-0 amd64 3.24.33-1ubuntu2.2 [3,053 kB]
Get:195 http://mirrors.online.net/ubuntu jammy-updates/main amd64 libgtk-3-bin amd64 3.24.33-1ubuntu2.2 [69.6 kB]
Get:196 http://mirrors.online.net/ubuntu jammy-updates/universe amd64 libgvnc-1.0-0 amd64 1.3.0-1ubuntu1 [67.7 kB]
Get:197 http://mirrors.online.net/ubuntu jammy-updates/universe amd64 libgtk-vnc-2.0-0 amd64 1.3.0-1ubuntu1 [30.8 kB]
Get:198 http://mirrors.online.net/ubuntu jammy/main amd64 libhtml-tagset-perl all 3.20-4 [12.5 kB]
Get:199 http://mirrors.online.net/ubuntu jammy/main amd64 liburi-perl all 5.10-1 [78.8 kB]
Get:200 http://mirrors.online.net/ubuntu jammy/main amd64 libhtml-parser-perl amd64 3.76-1build2 [88.4 kB]
Get:201 http://mirrors.online.net/ubuntu jammy/main amd64 libio-html-perl all 1.004-2 [15.4 kB]
Get:202 http://mirrors.online.net/ubuntu jammy/main amd64 liblwp-mediatypes-perl all 6.04-1 [19.5 kB]
Get:203 http://mirrors.online.net/ubuntu jammy/main amd64 libhttp-message-perl all 6.36-1 [76.8 kB]
Get:204 http://mirrors.online.net/ubuntu jammy/main amd64 libhtml-form-perl all 6.07-1 [22.2 kB]
Get:205 http://mirrors.online.net/ubuntu jammy/main amd64 libhtml-tree-perl all 5.07-2 [200 kB]
Get:206 http://mirrors.online.net/ubuntu jammy/main amd64 libhtml-format-perl all 2.12-1.1 [41.3 kB]
Get:207 http://mirrors.online.net/ubuntu jammy/main amd64 libhttp-cookies-perl all 6.10-1 [18.4 kB]
Get:208 http://mirrors.online.net/ubuntu jammy-updates/main amd64 libhttp-daemon-perl all 6.13-1ubuntu0.1 [22.9 kB]
Get:209 http://mirrors.online.net/ubuntu jammy/main amd64 libhttp-negotiate-perl all 6.01-1 [12.5 kB]
Get:210 http://mirrors.online.net/ubuntu jammy/main amd64 perl-openssl-defaults amd64 5build2 [7,542 B]
Get:211 http://mirrors.online.net/ubuntu jammy/main amd64 libnet-ssleay-perl amd64 1.92-1build2 [327 kB]
Get:212 http://mirrors.online.net/ubuntu jammy/main amd64 libio-socket-ssl-perl all 2.074-2 [192 kB]
Get:213 http://mirrors.online.net/ubuntu jammy/main amd64 librdmacm1 amd64 39.0-1 [71.2 kB]
Get:214 http://mirrors.online.net/ubuntu jammy/main amd64 libiscsi7 amd64 1.19.0-3build2 [70.6 kB]
Get:215 http://mirrors.online.net/ubuntu jammy/universe amd64 libjte2 amd64 1.22-3build1 [27.0 kB]
Get:216 http://mirrors.online.net/ubuntu jammy/universe amd64 libisofs6 amd64 1.5.4-1 [210 kB]
Get:217 http://mirrors.online.net/ubuntu jammy/universe amd64 libisoburn1 amd64 1.5.4-2 [402 kB]
Get:218 http://mirrors.online.net/ubuntu jammy/universe amd64 liblog-message-perl all 0.8-1.1 [22.0 kB]
Get:219 http://mirrors.online.net/ubuntu jammy/universe amd64 liblog-message-simple-perl all 0.10-3 [7,156 B]
Get:220 http://mirrors.online.net/ubuntu jammy/main amd64 liblua5.3-0 amd64 5.3.6-1build1 [140 kB]
Get:221 http://mirrors.online.net/ubuntu jammy/main amd64 libnet-http-perl all 6.22-1 [23.2 kB]
Get:222 http://mirrors.online.net/ubuntu jammy/main amd64 libtry-tiny-perl all 0.31-1 [21.8 kB]
Get:223 http://mirrors.online.net/ubuntu jammy/main amd64 libwww-robotrules-perl all 6.02-1 [12.6 kB]
Get:224 http://mirrors.online.net/ubuntu jammy/main amd64 libwww-perl all 6.61-1 [141 kB]
Get:225 http://mirrors.online.net/ubuntu jammy/main amd64 liblwp-protocol-https-perl all 6.10-1 [10.9 kB]
Get:226 http://mirrors.online.net/ubuntu jammy/main amd64 libnet-smtp-ssl-perl all 1.04-1 [5,948 B]
Get:227 http://mirrors.online.net/ubuntu jammy/main amd64 libmailtools-perl all 2.21-1 [80.7 kB]
Get:228 http://mirrors.online.net/ubuntu jammy/main amd64 libmath-base85-perl all 0.5+dfsg-1 [6,764 B]
Get:229 http://mirrors.online.net/ubuntu jammy/main amd64 libndctl6 amd64 72.1-1 [57.7 kB]
Get:230 http://mirrors.online.net/ubuntu jammy/universe amd64 libphodav-2.0-common all 2.5-1 [12.5 kB]
Get:231 http://mirrors.online.net/ubuntu jammy/universe amd64 libphodav-2.0-0 amd64 2.5-1 [28.7 kB]
Get:232 http://mirrors.online.net/ubuntu jammy/main amd64 libpmem1 amd64 1.11.1-3build1 [81.4 kB]
Get:233 http://mirrors.online.net/ubuntu jammy/main amd64 libpmemobj1 amd64 1.11.1-3build1 [124 kB]
Get:234 http://mirrors.online.net/ubuntu jammy-updates/main amd64 librados2 amd64 17.2.9-0ubuntu0.22.04.1 [3,607 kB]
Get:235 http://mirrors.online.net/ubuntu jammy-updates/main amd64 librbd1 amd64 17.2.9-0ubuntu0.22.04.1 [3,557 kB]
Get:236 http://mirrors.online.net/ubuntu jammy/universe amd64 librpmio9 amd64 4.17.0+dfsg1-4build1 [93.2 kB]
Get:237 http://mirrors.online.net/ubuntu jammy/universe amd64 librpm9 amd64 4.17.0+dfsg1-4build1 [189 kB]
Get:238 http://mirrors.online.net/ubuntu jammy/universe amd64 librpmbuild9 amd64 4.17.0+dfsg1-4build1 [80.3 kB]
Get:239 http://mirrors.online.net/ubuntu jammy/universe amd64 librpmsign9 amd64 4.17.0+dfsg1-4build1 [11.7 kB]
Get:240 http://mirrors.online.net/ubuntu jammy-updates/main amd64 librsvg2-2 amd64 2.52.5+dfsg-3ubuntu0.2 [2,974 kB]
Get:241 http://mirrors.online.net/ubuntu jammy-updates/main amd64 librsvg2-common amd64 2.52.5+dfsg-3ubuntu0.2 [17.7 kB]
Get:242 http://mirrors.online.net/ubuntu jammy/main amd64 libxss1 amd64 1:1.2.3-1build2 [8,476 B]
Get:243 http://mirrors.online.net/ubuntu jammy-updates/main amd64 libsdl2-2.0-0 amd64 2.0.20+dfsg-2ubuntu1.22.04.1 [582 kB]
Get:244 http://mirrors.online.net/ubuntu jammy/main amd64 libslirp0 amd64 4.6.1-1build1 [61.5 kB]
Get:245 http://mirrors.online.net/ubuntu jammy/main amd64 libsocket6-perl amd64 0.29-1build4 [19.7 kB]
Get:246 http://mirrors.online.net/ubuntu jammy/main amd64 libsort-versions-perl all 1.62-1 [9,294 B]
Get:247 http://mirrors.online.net/ubuntu jammy/universe amd64 spice-client-glib-usb-acl-helper amd64 0.39-3ubuntu1 [11.8 kB]
Get:248 http://mirrors.online.net/ubuntu jammy/main amd64 libusbredirparser1 amd64 0.11.0-2build1 [15.9 kB]
Get:249 http://mirrors.online.net/ubuntu jammy/main amd64 libusbredirhost1 amd64 0.11.0-2build1 [19.7 kB]
Get:250 http://mirrors.online.net/ubuntu jammy/universe amd64 libspice-client-glib-2.0-8 amd64 0.39-3ubuntu1 [326 kB]
Get:251 http://mirrors.online.net/ubuntu jammy/universe amd64 libva-x11-2 amd64 2.14.0-1 [12.6 kB]
Get:252 http://mirrors.online.net/ubuntu jammy/universe amd64 libspice-client-gtk-3.0-5 amd64 0.39-3ubuntu1 [62.0 kB]
Get:253 http://mirrors.online.net/ubuntu jammy/main amd64 libspice-server1 amd64 0.15.0-2ubuntu4 [351 kB]
Get:254 http://mirrors.online.net/ubuntu jammy/universe amd64 libterm-size-perl amd64 0.211-1build1 [10.6 kB]
Get:255 http://mirrors.online.net/ubuntu jammy/universe amd64 libterm-ui-perl all 0.50-1 [18.6 kB]
Get:256 http://mirrors.online.net/ubuntu jammy/universe amd64 libtext-template-perl all 1.60-1 [49.4 kB]
Get:257 http://mirrors.online.net/ubuntu jammy-updates/main amd64 libtpms0 amd64 0.9.3-0ubuntu1.22.04.2 [385 kB]
Get:258 http://mirrors.online.net/ubuntu jammy/main amd64 liburing2 amd64 2.1-2build1 [10.3 kB]
Get:259 http://mirrors.online.net/ubuntu jammy/main amd64 libvirglrenderer1 amd64 0.9.1-1~exp1ubuntu2 [188 kB]
Get:260 http://mirrors.online.net/ubuntu jammy-updates/main amd64 libyajl2 amd64 2.1.0-3ubuntu0.22.04.1 [21.0 kB]
Get:261 http://mirrors.online.net/ubuntu jammy-updates/main amd64 libvirt0 amd64 8.0.0-1ubuntu7.14 [1,756 kB]
Get:262 http://mirrors.online.net/ubuntu jammy-updates/main amd64 libvirt-clients amd64 8.0.0-1ubuntu7.14 [429 kB]
Get:263 http://mirrors.online.net/ubuntu jammy-updates/main amd64 libvirt-daemon-driver-qemu amd64 8.0.0-1ubuntu7.14 [747 kB]
Get:264 http://mirrors.online.net/ubuntu jammy-updates/main amd64 libvirt-daemon amd64 8.0.0-1ubuntu7.14 [412 kB]
Get:265 http://mirrors.online.net/ubuntu jammy-updates/main amd64 libvirt-daemon-config-network all 8.0.0-1ubuntu7.14 [8,832 B]
Get:266 http://mirrors.online.net/ubuntu jammy-updates/main amd64 libvirt-daemon-config-nwfilter all 8.0.0-1ubuntu7.14 [11.8 kB]
Get:267 http://mirrors.online.net/ubuntu jammy-updates/main amd64 systemd-container amd64 249.11-0ubuntu3.17 [389 kB]
Get:268 http://mirrors.online.net/ubuntu jammy-updates/main amd64 libvirt-daemon-system-systemd all 8.0.0-1ubuntu7.14 [69.2 kB]
Get:269 http://mirrors.online.net/ubuntu jammy-updates/main amd64 libvirt-daemon-system amd64 8.0.0-1ubuntu7.14 [52.3 kB]
Get:270 http://mirrors.online.net/ubuntu jammy/universe amd64 libvirt-glib-1.0-data all 4.0.0-2 [13.6 kB]
Get:271 http://mirrors.online.net/ubuntu jammy-updates/main amd64 libvte-2.91-common amd64 0.68.0-1ubuntu0.1 [9,408 B]
Get:272 http://mirrors.online.net/ubuntu jammy-updates/main amd64 libvte-2.91-0 amd64 0.68.0-1ubuntu0.1 [214 kB]
Get:273 http://mirrors.online.net/ubuntu jammy-updates/universe amd64 libxentoolcore1 amd64 4.16.0-1~ubuntu2.1 [14.6 kB]
Get:274 http://mirrors.online.net/ubuntu jammy-updates/universe amd64 libxentoollog1 amd64 4.16.0-1~ubuntu2.1 [16.5 kB]
Get:275 http://mirrors.online.net/ubuntu jammy-updates/universe amd64 libxencall1 amd64 4.16.0-1~ubuntu2.1 [10.3 kB]
Get:276 http://mirrors.online.net/ubuntu jammy-updates/universe amd64 libxendevicemodel1 amd64 4.16.0-1~ubuntu2.1 [11.2 kB]
Get:277 http://mirrors.online.net/ubuntu jammy-updates/universe amd64 libxenevtchn1 amd64 4.16.0-1~ubuntu2.1 [8,644 B]
Get:278 http://mirrors.online.net/ubuntu jammy-updates/universe amd64 libxenforeignmemory1 amd64 4.16.0-1~ubuntu2.1 [10.6 kB]
Get:279 http://mirrors.online.net/ubuntu jammy-updates/universe amd64 libxengnttab1 amd64 4.16.0-1~ubuntu2.1 [11.2 kB]
Get:280 http://mirrors.online.net/ubuntu jammy-updates/universe amd64 libxenhypfs1 amd64 4.16.0-1~ubuntu2.1 [10.6 kB]
Get:281 http://mirrors.online.net/ubuntu jammy-updates/universe amd64 libxenstore4 amd64 4.16.0-1~ubuntu2.1 [17.9 kB]
Get:282 http://mirrors.online.net/ubuntu jammy-updates/universe amd64 libxenmisc4.16 amd64 4.16.0-1~ubuntu2.1 [528 kB]
Get:283 http://mirrors.online.net/ubuntu jammy-updates/main amd64 libxml2-utils amd64 2.9.13+dfsg-1ubuntu0.9 [40.2 kB]
Get:284 http://mirrors.online.net/ubuntu jammy/main amd64 mdevctl all 0.81-1 [11.7 kB]
Get:285 http://mirrors.online.net/ubuntu jammy-updates/universe amd64 mesa-va-drivers amd64 23.2.1-1ubuntu3.1~22.04.3 [4,100 kB]
Get:286 http://mirrors.online.net/ubuntu jammy-updates/universe amd64 osinfo-db all 0.20250124-0ubuntu0.22.04.1 [175 kB]
Get:287 http://mirrors.online.net/ubuntu jammy/main amd64 python3-libvirt amd64 8.0.0-1build1 [148 kB]
Get:288 http://mirrors.online.net/ubuntu jammy-updates/universe amd64 python3-libxml2 amd64 2.9.13+dfsg-1ubuntu0.9 [148 kB]
Get:289 http://mirrors.online.net/ubuntu jammy/main amd64 libfdt1 amd64 1.6.1-1 [20.0 kB]
Get:290 http://mirrors.online.net/ubuntu jammy-updates/main amd64 qemu-system-common amd64 1:6.2+dfsg-2ubuntu6.27 [2,050 kB]
Get:291 http://mirrors.online.net/ubuntu jammy-updates/main amd64 qemu-system-data all 1:6.2+dfsg-2ubuntu6.27 [1,430 kB]
Get:292 http://mirrors.online.net/ubuntu jammy-updates/universe amd64 qemu-system-x86-xen amd64 1:6.2+dfsg-2ubuntu6.27 [8,258 kB]
Get:293 http://mirrors.online.net/ubuntu jammy-updates/main amd64 qemu-utils amd64 1:6.2+dfsg-2ubuntu6.27 [1,508 kB]
Get:294 http://mirrors.online.net/ubuntu jammy-updates/main amd64 qemu-block-extra amd64 1:6.2+dfsg-2ubuntu6.27 [68.1 kB]
Get:295 http://mirrors.online.net/ubuntu jammy/main amd64 libglvnd0 amd64 1.4.0-1 [73.6 kB]
Get:296 http://mirrors.online.net/ubuntu jammy/main amd64 libglx0 amd64 1.4.0-1 [41.0 kB]
Get:297 http://mirrors.online.net/ubuntu jammy/main amd64 libgl1 amd64 1.4.0-1 [110 kB]
Get:298 http://mirrors.online.net/ubuntu jammy-updates/main amd64 qemu-system-gui amd64 1:6.2+dfsg-2ubuntu6.27 [220 kB]
Get:299 http://mirrors.online.net/ubuntu jammy/universe amd64 rpm-common amd64 4.17.0+dfsg1-4build1 [33.7 kB]
Get:300 http://mirrors.online.net/ubuntu jammy/universe amd64 rpm2cpio amd64 4.17.0+dfsg1-4build1 [9,882 B]
Get:301 http://mirrors.online.net/ubuntu jammy/universe amd64 rpm amd64 4.17.0+dfsg1-4build1 [151 kB]
Get:302 http://mirrors.online.net/ubuntu jammy/main amd64 seabios all 1.15.0-1 [174 kB]
Get:303 http://mirrors.online.net/ubuntu jammy-updates/main amd64 swtpm amd64 0.6.3-0ubuntu3.3 [48.0 kB]
Get:304 http://mirrors.online.net/ubuntu jammy-updates/main amd64 swtpm-tools amd64 0.6.3-0ubuntu3.3 [89.0 kB]
Get:305 http://mirrors.online.net/ubuntu jammy/universe amd64 i965-va-driver amd64 2.4.1+dfsg1-1 [302 kB]
Get:306 http://mirrors.online.net/ubuntu jammy/universe amd64 va-driver-all amd64 2.14.0-1 [3,984 B]
Get:307 http://mirrors.online.net/ubuntu jammy/universe amd64 libvirt-glib-1.0-0 amd64 4.0.0-2 [130 kB]
Get:308 http://mirrors.online.net/ubuntu jammy/universe amd64 virt-viewer amd64 7.0-2build2 [291 kB]
Get:309 http://mirrors.online.net/ubuntu jammy-updates/universe amd64 xen-hypervisor-4.16-amd64 amd64 4.16.0-1~ubuntu2.1 [3,650 kB]
Get:310 http://mirrors.online.net/ubuntu jammy-updates/universe amd64 xen-hypervisor-common all 4.16.0-1~ubuntu2.1 [14.7 kB]
Get:311 http://mirrors.online.net/ubuntu jammy-updates/universe amd64 xenstore-utils amd64 4.16.0-1~ubuntu2.1 [26.5 kB]
Get:312 http://mirrors.online.net/ubuntu jammy-updates/universe amd64 xen-utils-common amd64 4.16.0-1~ubuntu2.1 [258 kB]
Get:313 http://mirrors.online.net/ubuntu jammy-updates/universe amd64 xen-utils-4.16 amd64 4.16.0-1~ubuntu2.1 [5,491 kB]
Get:314 http://mirrors.online.net/ubuntu jammy/universe amd64 xorriso amd64 1.5.4-2 [291 kB]
Get:315 http://mirrors.online.net/ubuntu jammy-updates/main amd64 debootstrap all 1.0.126+nmu1ubuntu0.8 [40.6 kB]
Get:316 http://mirrors.online.net/ubuntu jammy/universe amd64 libosinfo-1.0-0 amd64 1.8.0-1 [85.3 kB]
Get:317 http://mirrors.online.net/ubuntu jammy/universe amd64 gir1.2-libosinfo-1.0 amd64 1.8.0-1 [16.1 kB]
Get:318 http://mirrors.online.net/ubuntu jammy-updates/main amd64 grub-xen-bin amd64 2.06-2ubuntu7.2 [1,105 kB]
Get:319 http://mirrors.online.net/ubuntu jammy-updates/universe amd64 grub-xen-host amd64 2.06-2ubuntu7.2 [1,097 kB]
Get:320 http://mirrors.online.net/ubuntu jammy/main amd64 libauthen-sasl-perl all 2.1600-1.1 [43.1 kB]
Get:321 http://mirrors.online.net/ubuntu jammy/main amd64 libconfig-inifiles-perl all 3.000003-1 [40.5 kB]
Get:322 http://mirrors.online.net/ubuntu jammy-updates/main amd64 libnss-mymachines amd64 249.11-0ubuntu3.17 [146 kB]
Get:323 http://mirrors.online.net/ubuntu jammy-updates/main amd64 ovmf all 2022.02-3ubuntu0.22.04.3 [7,561 kB]
Get:324 http://mirrors.online.net/ubuntu jammy/universe amd64 rinse all 3.6 [29.1 kB]
Get:325 http://mirrors.online.net/ubuntu jammy/universe amd64 virtinst all 1:4.0.0-1 [907 kB]
Get:326 http://mirrors.online.net/ubuntu jammy/universe amd64 xen-tools all 4.9.1-1 [128 kB]
Preconfiguring packages ...
Fetched 137 MB in 11s (13.0 MB/s)
(Reading database ... (Reading database ... 5%(Reading database ... 10%(Reading database ... 15%(Reading database ... 20%(Reading database ... 25%(Reading database ... 30%(Reading database ... 35%(Reading database ... 40%(Reading database ... 45%(Reading database ... 50%(Reading database ... 55%(Reading database ... 60%(Reading database ... 65%(Reading database ... 70%(Reading database ... 75%(Reading database ... 80%(Reading database ... 85%(Reading database ... 90%(Reading database ... 95%(Reading database ... 100%(Reading database ... 75492 files and directories currently installed.)
Preparing to unpack .../libnss-systemd_249.11-0ubuntu3.17_amd64.deb ...
Unpacking libnss-systemd:amd64 (249.11-0ubuntu3.17) over (249.11-0ubuntu3.16) ...
Preparing to unpack .../systemd-sysv_249.11-0ubuntu3.17_amd64.deb ...
Unpacking systemd-sysv (249.11-0ubuntu3.17) over (249.11-0ubuntu3.16) ...
Preparing to unpack .../libpam-systemd_249.11-0ubuntu3.17_amd64.deb ...
Unpacking libpam-systemd:amd64 (249.11-0ubuntu3.17) over (249.11-0ubuntu3.16) ...
Preparing to unpack .../systemd_249.11-0ubuntu3.17_amd64.deb ...
Unpacking systemd (249.11-0ubuntu3.17) over (249.11-0ubuntu3.16) ...
Preparing to unpack .../libsystemd0_249.11-0ubuntu3.17_amd64.deb ...
Unpacking libsystemd0:amd64 (249.11-0ubuntu3.17) over (249.11-0ubuntu3.16) ...
Setting up libsystemd0:amd64 (249.11-0ubuntu3.17) ...
Selecting previously unselected package acl.
(Reading database ... (Reading database ... 5%(Reading database ... 10%(Reading database ... 15%(Reading database ... 20%(Reading database ... 25%(Reading database ... 30%(Reading database ... 35%(Reading database ... 40%(Reading database ... 45%(Reading database ... 50%(Reading database ... 55%(Reading database ... 60%(Reading database ... 65%(Reading database ... 70%(Reading database ... 75%(Reading database ... 80%(Reading database ... 85%(Reading database ... 90%(Reading database ... 95%(Reading database ... 100%(Reading database ... 75492 files and directories currently installed.)
Preparing to unpack .../000-acl_2.3.1-1_amd64.deb ...
Unpacking acl (2.3.1-1) ...
Selecting previously unselected package hicolor-icon-theme.
Preparing to unpack .../001-hicolor-icon-theme_0.17-2_all.deb ...
Unpacking hicolor-icon-theme (0.17-2) ...
Selecting previously unselected package libgdk-pixbuf2.0-common.
Preparing to unpack .../002-libgdk-pixbuf2.0-common_2.42.8+dfsg-1ubuntu0.4_all.deb ...
Unpacking libgdk-pixbuf2.0-common (2.42.8+dfsg-1ubuntu0.4) ...
Selecting previously unselected package libjpeg-turbo8:amd64.
Preparing to unpack .../003-libjpeg-turbo8_2.1.2-0ubuntu1_amd64.deb ...
Unpacking libjpeg-turbo8:amd64 (2.1.2-0ubuntu1) ...
Selecting previously unselected package libjpeg8:amd64.
Preparing to unpack .../004-libjpeg8_8c-2ubuntu10_amd64.deb ...
Unpacking libjpeg8:amd64 (8c-2ubuntu10) ...
Selecting previously unselected package libdeflate0:amd64.
Preparing to unpack .../005-libdeflate0_1.10-2_amd64.deb ...
Unpacking libdeflate0:amd64 (1.10-2) ...
Selecting previously unselected package libjbig0:amd64.
Preparing to unpack .../006-libjbig0_2.1-3.1ubuntu0.22.04.1_amd64.deb ...
Unpacking libjbig0:amd64 (2.1-3.1ubuntu0.22.04.1) ...
Selecting previously unselected package libwebp7:amd64.
Preparing to unpack .../007-libwebp7_1.2.2-2ubuntu0.22.04.2_amd64.deb ...
Unpacking libwebp7:amd64 (1.2.2-2ubuntu0.22.04.2) ...
Selecting previously unselected package libtiff5:amd64.
Preparing to unpack .../008-libtiff5_4.3.0-6ubuntu0.12_amd64.deb ...
Unpacking libtiff5:amd64 (4.3.0-6ubuntu0.12) ...
Selecting previously unselected package libgdk-pixbuf-2.0-0:amd64.
Preparing to unpack .../009-libgdk-pixbuf-2.0-0_2.42.8+dfsg-1ubuntu0.4_amd64.deb ...
Unpacking libgdk-pixbuf-2.0-0:amd64 (2.42.8+dfsg-1ubuntu0.4) ...
Selecting previously unselected package gtk-update-icon-cache.
Preparing to unpack .../010-gtk-update-icon-cache_3.24.33-1ubuntu2.2_amd64.deb ...
Unpacking gtk-update-icon-cache (3.24.33-1ubuntu2.2) ...
Selecting previously unselected package humanity-icon-theme.
Preparing to unpack .../011-humanity-icon-theme_0.6.16_all.deb ...
Unpacking humanity-icon-theme (0.6.16) ...
Selecting previously unselected package ubuntu-mono.
Preparing to unpack .../012-ubuntu-mono_20.10-0ubuntu2_all.deb ...
Unpacking ubuntu-mono (20.10-0ubuntu2) ...
Selecting previously unselected package adwaita-icon-theme.
Preparing to unpack .../013-adwaita-icon-theme_41.0-1ubuntu1_all.deb ...
Unpacking adwaita-icon-theme (41.0-1ubuntu1) ...
Selecting previously unselected package alsa-topology-conf.
Preparing to unpack .../014-alsa-topology-conf_1.2.5.1-2_all.deb ...
Unpacking alsa-topology-conf (1.2.5.1-2) ...
Selecting previously unselected package libasound2-data.
Preparing to unpack .../015-libasound2-data_1.2.6.1-1ubuntu1_all.deb ...
Unpacking libasound2-data (1.2.6.1-1ubuntu1) ...
Selecting previously unselected package libasound2:amd64.
Preparing to unpack .../016-libasound2_1.2.6.1-1ubuntu1_amd64.deb ...
Unpacking libasound2:amd64 (1.2.6.1-1ubuntu1) ...
Selecting previously unselected package alsa-ucm-conf.
Preparing to unpack .../017-alsa-ucm-conf_1.2.6.3-1ubuntu1.12_all.deb ...
Unpacking alsa-ucm-conf (1.2.6.3-1ubuntu1.12) ...
Selecting previously unselected package libxi6:amd64.
Preparing to unpack .../018-libxi6_2%3a1.8-1build1_amd64.deb ...
Unpacking libxi6:amd64 (2:1.8-1build1) ...
Selecting previously unselected package libatspi2.0-0:amd64.
Preparing to unpack .../019-libatspi2.0-0_2.44.0-3_amd64.deb ...
Unpacking libatspi2.0-0:amd64 (2.44.0-3) ...
Selecting previously unselected package x11-common.
Preparing to unpack .../020-x11-common_1%3a7.7+23ubuntu2_all.deb ...
Unpacking x11-common (1:7.7+23ubuntu2) ...
Selecting previously unselected package libxtst6:amd64.
Preparing to unpack .../021-libxtst6_2%3a1.2.3-1build4_amd64.deb ...
Unpacking libxtst6:amd64 (2:1.2.3-1build4) ...
Selecting previously unselected package libdconf1:amd64.
Preparing to unpack .../022-libdconf1_0.40.0-3ubuntu0.1_amd64.deb ...
Unpacking libdconf1:amd64 (0.40.0-3ubuntu0.1) ...
Selecting previously unselected package dconf-service.
Preparing to unpack .../023-dconf-service_0.40.0-3ubuntu0.1_amd64.deb ...
Unpacking dconf-service (0.40.0-3ubuntu0.1) ...
Selecting previously unselected package dconf-gsettings-backend:amd64.
Preparing to unpack .../024-dconf-gsettings-backend_0.40.0-3ubuntu0.1_amd64.deb ...
Unpacking dconf-gsettings-backend:amd64 (0.40.0-3ubuntu0.1) ...
Selecting previously unselected package session-migration.
Preparing to unpack .../025-session-migration_0.3.6_amd64.deb ...
Unpacking session-migration (0.3.6) ...
Selecting previously unselected package gsettings-desktop-schemas.
Preparing to unpack .../026-gsettings-desktop-schemas_42.0-1ubuntu1_all.deb ...
Unpacking gsettings-desktop-schemas (42.0-1ubuntu1) ...
Selecting previously unselected package at-spi2-core.
Preparing to unpack .../027-at-spi2-core_2.44.0-3_amd64.deb ...
Unpacking at-spi2-core (2.44.0-3) ...
Selecting previously unselected package bridge-utils.
Preparing to unpack .../028-bridge-utils_1.7-1ubuntu3_amd64.deb ...
Unpacking bridge-utils (1.7-1ubuntu3) ...
Selecting previously unselected package debian-archive-keyring.
Preparing to unpack .../029-debian-archive-keyring_2021.1.1ubuntu2_all.deb ...
Unpacking debian-archive-keyring (2021.1.1ubuntu2) ...
Selecting previously unselected package debugedit.
Preparing to unpack .../030-debugedit_1%3a5.0-4build1_amd64.deb ...
Unpacking debugedit (1:5.0-4build1) ...
Selecting previously unselected package dnsmasq-base.
Preparing to unpack .../031-dnsmasq-base_2.90-0ubuntu0.22.04.1_amd64.deb ...
Unpacking dnsmasq-base (2.90-0ubuntu0.22.04.1) ...
Selecting previously unselected package fonts-dejavu-core.
Preparing to unpack .../032-fonts-dejavu-core_2.37-2build1_all.deb ...
Unpacking fonts-dejavu-core (2.37-2build1) ...
Selecting previously unselected package fontconfig-config.
Preparing to unpack .../033-fontconfig-config_2.13.1-4.2ubuntu5_all.deb ...
Unpacking fontconfig-config (2.13.1-4.2ubuntu5) ...
Selecting previously unselected package libfontconfig1:amd64.
Preparing to unpack .../034-libfontconfig1_2.13.1-4.2ubuntu5_amd64.deb ...
Unpacking libfontconfig1:amd64 (2.13.1-4.2ubuntu5) ...
Selecting previously unselected package fontconfig.
Preparing to unpack .../035-fontconfig_2.13.1-4.2ubuntu5_amd64.deb ...
Unpacking fontconfig (2.13.1-4.2ubuntu5) ...
Selecting previously unselected package gir1.2-freedesktop:amd64.
Preparing to unpack .../036-gir1.2-freedesktop_1.72.0-1_amd64.deb ...
Unpacking gir1.2-freedesktop:amd64 (1.72.0-1) ...
Selecting previously unselected package libproxy1v5:amd64.
Preparing to unpack .../037-libproxy1v5_0.4.17-2_amd64.deb ...
Unpacking libproxy1v5:amd64 (0.4.17-2) ...
Selecting previously unselected package glib-networking-common.
Preparing to unpack .../038-glib-networking-common_2.72.0-1_all.deb ...
Unpacking glib-networking-common (2.72.0-1) ...
Selecting previously unselected package glib-networking-services.
Preparing to unpack .../039-glib-networking-services_2.72.0-1_amd64.deb ...
Unpacking glib-networking-services (2.72.0-1) ...
Selecting previously unselected package glib-networking:amd64.
Preparing to unpack .../040-glib-networking_2.72.0-1_amd64.deb ...
Unpacking glib-networking:amd64 (2.72.0-1) ...
Selecting previously unselected package libcdparanoia0:amd64.
Preparing to unpack .../041-libcdparanoia0_3.10.2+debian-14build2_amd64.deb ...
Unpacking libcdparanoia0:amd64 (3.10.2+debian-14build2) ...
Selecting previously unselected package liborc-0.4-0:amd64.
Preparing to unpack .../042-liborc-0.4-0_1%3a0.4.32-2ubuntu0.1_amd64.deb ...
Unpacking liborc-0.4-0:amd64 (1:0.4.32-2ubuntu0.1) ...
Selecting previously unselected package libgstreamer-plugins-base1.0-0:amd64.
Preparing to unpack .../043-libgstreamer-plugins-base1.0-0_1.20.1-1ubuntu0.5_amd64.deb ...
Unpacking libgstreamer-plugins-base1.0-0:amd64 (1.20.1-1ubuntu0.5) ...
Selecting previously unselected package libogg0:amd64.
Preparing to unpack .../044-libogg0_1.3.5-0ubuntu3_amd64.deb ...
Unpacking libogg0:amd64 (1.3.5-0ubuntu3) ...
Selecting previously unselected package libopus0:amd64.
Preparing to unpack .../045-libopus0_1.3.1-0.1build2_amd64.deb ...
Unpacking libopus0:amd64 (1.3.1-0.1build2) ...
Selecting previously unselected package libpixman-1-0:amd64.
Preparing to unpack .../046-libpixman-1-0_0.40.0-1ubuntu0.22.04.1_amd64.deb ...
Unpacking libpixman-1-0:amd64 (0.40.0-1ubuntu0.22.04.1) ...
Selecting previously unselected package libxcb-render0:amd64.
Preparing to unpack .../047-libxcb-render0_1.14-3ubuntu3_amd64.deb ...
Unpacking libxcb-render0:amd64 (1.14-3ubuntu3) ...
Selecting previously unselected package libxcb-shm0:amd64.
Preparing to unpack .../048-libxcb-shm0_1.14-3ubuntu3_amd64.deb ...
Unpacking libxcb-shm0:amd64 (1.14-3ubuntu3) ...
Selecting previously unselected package libxrender1:amd64.
Preparing to unpack .../049-libxrender1_1%3a0.9.10-1build4_amd64.deb ...
Unpacking libxrender1:amd64 (1:0.9.10-1build4) ...
Selecting previously unselected package libcairo2:amd64.
Preparing to unpack .../050-libcairo2_1.16.0-5ubuntu2_amd64.deb ...
Unpacking libcairo2:amd64 (1.16.0-5ubuntu2) ...
Selecting previously unselected package libtheora0:amd64.
Preparing to unpack .../051-libtheora0_1.1.1+dfsg.1-15ubuntu4_amd64.deb ...
Unpacking libtheora0:amd64 (1.1.1+dfsg.1-15ubuntu4) ...
Selecting previously unselected package libvisual-0.4-0:amd64.
Preparing to unpack .../052-libvisual-0.4-0_0.4.0-17build2_amd64.deb ...
Unpacking libvisual-0.4-0:amd64 (0.4.0-17build2) ...
Selecting previously unselected package libvorbis0a:amd64.
Preparing to unpack .../053-libvorbis0a_1.3.7-1build2_amd64.deb ...
Unpacking libvorbis0a:amd64 (1.3.7-1build2) ...
Selecting previously unselected package libvorbisenc2:amd64.
Preparing to unpack .../054-libvorbisenc2_1.3.7-1build2_amd64.deb ...
Unpacking libvorbisenc2:amd64 (1.3.7-1build2) ...
Selecting previously unselected package gstreamer1.0-plugins-base:amd64.
Preparing to unpack .../055-gstreamer1.0-plugins-base_1.20.1-1ubuntu0.5_amd64.deb ...
Unpacking gstreamer1.0-plugins-base:amd64 (1.20.1-1ubuntu0.5) ...
Selecting previously unselected package libaa1:amd64.
Preparing to unpack .../056-libaa1_1.4p5-50build1_amd64.deb ...
Unpacking libaa1:amd64 (1.4p5-50build1) ...
Selecting previously unselected package libraw1394-11:amd64.
Preparing to unpack .../057-libraw1394-11_2.1.2-2build2_amd64.deb ...
Unpacking libraw1394-11:amd64 (2.1.2-2build2) ...
Selecting previously unselected package libavc1394-0:amd64.
Preparing to unpack .../058-libavc1394-0_0.5.4-5build2_amd64.deb ...
Unpacking libavc1394-0:amd64 (0.5.4-5build2) ...
Selecting previously unselected package libcaca0:amd64.
Preparing to unpack .../059-libcaca0_0.99.beta19-2.2ubuntu4_amd64.deb ...
Unpacking libcaca0:amd64 (0.99.beta19-2.2ubuntu4) ...
Selecting previously unselected package libcairo-gobject2:amd64.
Preparing to unpack .../060-libcairo-gobject2_1.16.0-5ubuntu2_amd64.deb ...
Unpacking libcairo-gobject2:amd64 (1.16.0-5ubuntu2) ...
Selecting previously unselected package libdv4:amd64.
Preparing to unpack .../061-libdv4_1.0.0-14build1_amd64.deb ...
Unpacking libdv4:amd64 (1.0.0-14build1) ...
Selecting previously unselected package libflac8:amd64.
Preparing to unpack .../062-libflac8_1.3.3-2ubuntu0.2_amd64.deb ...
Unpacking libflac8:amd64 (1.3.3-2ubuntu0.2) ...
Selecting previously unselected package libgstreamer-plugins-good1.0-0:amd64.
Preparing to unpack .../063-libgstreamer-plugins-good1.0-0_1.20.3-0ubuntu1.4_amd64.deb ...
Unpacking libgstreamer-plugins-good1.0-0:amd64 (1.20.3-0ubuntu1.4) ...
Selecting previously unselected package libiec61883-0:amd64.
Preparing to unpack .../064-libiec61883-0_1.2.0-4build3_amd64.deb ...
Unpacking libiec61883-0:amd64 (1.2.0-4build3) ...
Selecting previously unselected package libsamplerate0:amd64.
Preparing to unpack .../065-libsamplerate0_0.2.2-1build1_amd64.deb ...
Unpacking libsamplerate0:amd64 (0.2.2-1build1) ...
Selecting previously unselected package libjack-jackd2-0:amd64.
Preparing to unpack .../066-libjack-jackd2-0_1.9.20~dfsg-1_amd64.deb ...
Unpacking libjack-jackd2-0:amd64 (1.9.20~dfsg-1) ...
Selecting previously unselected package libmp3lame0:amd64.
Preparing to unpack .../067-libmp3lame0_3.100-3build2_amd64.deb ...
Unpacking libmp3lame0:amd64 (3.100-3build2) ...
Selecting previously unselected package libmpg123-0:amd64.
Preparing to unpack .../068-libmpg123-0_1.29.3-1ubuntu0.1_amd64.deb ...
Unpacking libmpg123-0:amd64 (1.29.3-1ubuntu0.1) ...
Selecting previously unselected package libasyncns0:amd64.
Preparing to unpack .../069-libasyncns0_0.8-6build2_amd64.deb ...
Unpacking libasyncns0:amd64 (0.8-6build2) ...
Selecting previously unselected package libsndfile1:amd64.
Preparing to unpack .../070-libsndfile1_1.0.31-2ubuntu0.2_amd64.deb ...
Unpacking libsndfile1:amd64 (1.0.31-2ubuntu0.2) ...
Selecting previously unselected package libx11-xcb1:amd64.
Preparing to unpack .../071-libx11-xcb1_2%3a1.7.5-1ubuntu0.3_amd64.deb ...
Unpacking libx11-xcb1:amd64 (2:1.7.5-1ubuntu0.3) ...
Selecting previously unselected package libpulse0:amd64.
Preparing to unpack .../072-libpulse0_1%3a15.99.1+dfsg1-1ubuntu2.2_amd64.deb ...
Unpacking libpulse0:amd64 (1:15.99.1+dfsg1-1ubuntu2.2) ...
Selecting previously unselected package libspeex1:amd64.
Preparing to unpack .../073-libspeex1_1.2~rc1.2-1.1ubuntu3_amd64.deb ...
Unpacking libspeex1:amd64 (1.2~rc1.2-1.1ubuntu3) ...
Selecting previously unselected package libshout3:amd64.
Preparing to unpack .../074-libshout3_2.4.5-1build3_amd64.deb ...
Unpacking libshout3:amd64 (2.4.5-1build3) ...
Selecting previously unselected package libtag1v5-vanilla:amd64.
Preparing to unpack .../075-libtag1v5-vanilla_1.11.1+dfsg.1-3ubuntu3_amd64.deb ...
Unpacking libtag1v5-vanilla:amd64 (1.11.1+dfsg.1-3ubuntu3) ...
Selecting previously unselected package libtag1v5:amd64.
Preparing to unpack .../076-libtag1v5_1.11.1+dfsg.1-3ubuntu3_amd64.deb ...
Unpacking libtag1v5:amd64 (1.11.1+dfsg.1-3ubuntu3) ...
Selecting previously unselected package libtwolame0:amd64.
Preparing to unpack .../077-libtwolame0_0.4.0-2build2_amd64.deb ...
Unpacking libtwolame0:amd64 (0.4.0-2build2) ...
Selecting previously unselected package libv4lconvert0:amd64.
Preparing to unpack .../078-libv4lconvert0_1.22.1-2build1_amd64.deb ...
Unpacking libv4lconvert0:amd64 (1.22.1-2build1) ...
Selecting previously unselected package libv4l-0:amd64.
Preparing to unpack .../079-libv4l-0_1.22.1-2build1_amd64.deb ...
Unpacking libv4l-0:amd64 (1.22.1-2build1) ...
Selecting previously unselected package libvpx7:amd64.
Preparing to unpack .../080-libvpx7_1.11.0-2ubuntu2.4_amd64.deb ...
Unpacking libvpx7:amd64 (1.11.0-2ubuntu2.4) ...
Selecting previously unselected package libwavpack1:amd64.
Preparing to unpack .../081-libwavpack1_5.4.0-1build2_amd64.deb ...
Unpacking libwavpack1:amd64 (5.4.0-1build2) ...
Selecting previously unselected package libxdamage1:amd64.
Preparing to unpack .../082-libxdamage1_1%3a1.1.5-2build2_amd64.deb ...
Unpacking libxdamage1:amd64 (1:1.1.5-2build2) ...
Selecting previously unselected package libxfixes3:amd64.
Preparing to unpack .../083-libxfixes3_1%3a6.0.0-1_amd64.deb ...
Unpacking libxfixes3:amd64 (1:6.0.0-1) ...
Selecting previously unselected package libsoup2.4-common.
Preparing to unpack .../084-libsoup2.4-common_2.74.2-3ubuntu0.6_all.deb ...
Unpacking libsoup2.4-common (2.74.2-3ubuntu0.6) ...
Selecting previously unselected package libsoup2.4-1:amd64.
Preparing to unpack .../085-libsoup2.4-1_2.74.2-3ubuntu0.6_amd64.deb ...
Unpacking libsoup2.4-1:amd64 (2.74.2-3ubuntu0.6) ...
Selecting previously unselected package gstreamer1.0-plugins-good:amd64.
Preparing to unpack .../086-gstreamer1.0-plugins-good_1.20.3-0ubuntu1.4_amd64.deb ...
Unpacking gstreamer1.0-plugins-good:amd64 (1.20.3-0ubuntu1.4) ...
Selecting previously unselected package libgraphite2-3:amd64.
Preparing to unpack .../087-libgraphite2-3_1.3.14-1build2_amd64.deb ...
Unpacking libgraphite2-3:amd64 (1.3.14-1build2) ...
Selecting previously unselected package libharfbuzz0b:amd64.
Preparing to unpack .../088-libharfbuzz0b_2.7.4-1ubuntu3.2_amd64.deb ...
Unpacking libharfbuzz0b:amd64 (2.7.4-1ubuntu3.2) ...
Selecting previously unselected package libthai-data.
Preparing to unpack .../089-libthai-data_0.1.29-1build1_all.deb ...
Unpacking libthai-data (0.1.29-1build1) ...
Selecting previously unselected package libdatrie1:amd64.
Preparing to unpack .../090-libdatrie1_0.2.13-2_amd64.deb ...
Unpacking libdatrie1:amd64 (0.2.13-2) ...
Selecting previously unselected package libthai0:amd64.
Preparing to unpack .../091-libthai0_0.1.29-1build1_amd64.deb ...
Unpacking libthai0:amd64 (0.1.29-1build1) ...
Selecting previously unselected package libpango-1.0-0:amd64.
Preparing to unpack .../092-libpango-1.0-0_1.50.6+ds-2ubuntu1_amd64.deb ...
Unpacking libpango-1.0-0:amd64 (1.50.6+ds-2ubuntu1) ...
Selecting previously unselected package libpangoft2-1.0-0:amd64.
Preparing to unpack .../093-libpangoft2-1.0-0_1.50.6+ds-2ubuntu1_amd64.deb ...
Unpacking libpangoft2-1.0-0:amd64 (1.50.6+ds-2ubuntu1) ...
Selecting previously unselected package libpangocairo-1.0-0:amd64.
Preparing to unpack .../094-libpangocairo-1.0-0_1.50.6+ds-2ubuntu1_amd64.deb ...
Unpacking libpangocairo-1.0-0:amd64 (1.50.6+ds-2ubuntu1) ...
Selecting previously unselected package libxv1:amd64.
Preparing to unpack .../095-libxv1_2%3a1.0.11-1build2_amd64.deb ...
Unpacking libxv1:amd64 (2:1.0.11-1build2) ...
Selecting previously unselected package gstreamer1.0-x:amd64.
Preparing to unpack .../096-gstreamer1.0-x_1.20.1-1ubuntu0.5_amd64.deb ...
Unpacking gstreamer1.0-x:amd64 (1.20.1-1ubuntu0.5) ...
Selecting previously unselected package libnl-route-3-200:amd64.
Preparing to unpack .../097-libnl-route-3-200_3.5.0-0.1_amd64.deb ...
Unpacking libnl-route-3-200:amd64 (3.5.0-0.1) ...
Selecting previously unselected package libibverbs1:amd64.
Preparing to unpack .../098-libibverbs1_39.0-1_amd64.deb ...
Unpacking libibverbs1:amd64 (39.0-1) ...
Selecting previously unselected package ibverbs-providers:amd64.
Preparing to unpack .../099-ibverbs-providers_39.0-1_amd64.deb ...
Unpacking ibverbs-providers:amd64 (39.0-1) ...
Selecting previously unselected package libva2:amd64.
Preparing to unpack .../100-libva2_2.14.0-1_amd64.deb ...
Unpacking libva2:amd64 (2.14.0-1) ...
Selecting previously unselected package libigdgmm12:amd64.
Preparing to unpack .../101-libigdgmm12_22.1.2+ds1-1_amd64.deb ...
Unpacking libigdgmm12:amd64 (22.1.2+ds1-1) ...
Selecting previously unselected package intel-media-va-driver:amd64.
Preparing to unpack .../102-intel-media-va-driver_22.3.1+dfsg1-1ubuntu2_amd64.deb ...
Unpacking intel-media-va-driver:amd64 (22.3.1+dfsg1-1ubuntu2) ...
Selecting previously unselected package ipxe-qemu.
Preparing to unpack .../103-ipxe-qemu_1.21.1+git-20220113.fbbdc3926-0ubuntu1_all.deb ...
Unpacking ipxe-qemu (1.21.1+git-20220113.fbbdc3926-0ubuntu1) ...
Selecting previously unselected package libonig5:amd64.
Preparing to unpack .../104-libonig5_6.9.7.1-2build1_amd64.deb ...
Unpacking libonig5:amd64 (6.9.7.1-2build1) ...
Selecting previously unselected package libjq1:amd64.
Preparing to unpack .../105-libjq1_1.6-2.1ubuntu3.1_amd64.deb ...
Unpacking libjq1:amd64 (1.6-2.1ubuntu3.1) ...
Selecting previously unselected package jq.
Preparing to unpack .../106-jq_1.6-2.1ubuntu3.1_amd64.deb ...
Unpacking jq (1.6-2.1ubuntu3.1) ...
Selecting previously unselected package libatk1.0-data.
Preparing to unpack .../107-libatk1.0-data_2.36.0-3build1_all.deb ...
Unpacking libatk1.0-data (2.36.0-3build1) ...
Selecting previously unselected package libatk1.0-0:amd64.
Preparing to unpack .../108-libatk1.0-0_2.36.0-3build1_amd64.deb ...
Unpacking libatk1.0-0:amd64 (2.36.0-3build1) ...
Selecting previously unselected package libatk-bridge2.0-0:amd64.
Preparing to unpack .../109-libatk-bridge2.0-0_2.38.0-3_amd64.deb ...
Unpacking libatk-bridge2.0-0:amd64 (2.38.0-3) ...
Selecting previously unselected package libavahi-common-data:amd64.
Preparing to unpack .../110-libavahi-common-data_0.8-5ubuntu5.2_amd64.deb ...
Unpacking libavahi-common-data:amd64 (0.8-5ubuntu5.2) ...
Selecting previously unselected package libavahi-common3:amd64.
Preparing to unpack .../111-libavahi-common3_0.8-5ubuntu5.2_amd64.deb ...
Unpacking libavahi-common3:amd64 (0.8-5ubuntu5.2) ...
Selecting previously unselected package libavahi-client3:amd64.
Preparing to unpack .../112-libavahi-client3_0.8-5ubuntu5.2_amd64.deb ...
Unpacking libavahi-client3:amd64 (0.8-5ubuntu5.2) ...
Selecting previously unselected package libboost-iostreams1.74.0:amd64.
Preparing to unpack .../113-libboost-iostreams1.74.0_1.74.0-14ubuntu3_amd64.deb ...
Unpacking libboost-iostreams1.74.0:amd64 (1.74.0-14ubuntu3) ...
Selecting previously unselected package libboost-thread1.74.0:amd64.
Preparing to unpack .../114-libboost-thread1.74.0_1.74.0-14ubuntu3_amd64.deb ...
Unpacking libboost-thread1.74.0:amd64 (1.74.0-14ubuntu3) ...
Selecting previously unselected package libbrlapi0.8:amd64.
Preparing to unpack .../115-libbrlapi0.8_6.4-4ubuntu3_amd64.deb ...
Unpacking libbrlapi0.8:amd64 (6.4-4ubuntu3) ...
Selecting previously unselected package libburn4:amd64.
Preparing to unpack .../116-libburn4_1.5.4-1_amd64.deb ...
Unpacking libburn4:amd64 (1.5.4-1) ...
Selecting previously unselected package libpcsclite1:amd64.
Preparing to unpack .../117-libpcsclite1_1.9.5-3ubuntu1_amd64.deb ...
Unpacking libpcsclite1:amd64 (1.9.5-3ubuntu1) ...
Selecting previously unselected package libcacard0:amd64.
Preparing to unpack .../118-libcacard0_1%3a2.8.0-3build2_amd64.deb ...
Unpacking libcacard0:amd64 (1:2.8.0-3build2) ...
Selecting previously unselected package libclone-perl.
Preparing to unpack .../119-libclone-perl_0.45-1build3_amd64.deb ...
Unpacking libclone-perl (0.45-1build3) ...
Selecting previously unselected package liblcms2-2:amd64.
Preparing to unpack .../120-liblcms2-2_2.12~rc1-2build2_amd64.deb ...
Unpacking liblcms2-2:amd64 (2.12~rc1-2build2) ...
Selecting previously unselected package libcolord2:amd64.
Preparing to unpack .../121-libcolord2_1.4.6-1_amd64.deb ...
Unpacking libcolord2:amd64 (1.4.6-1) ...
Selecting previously unselected package libcups2:amd64.
Preparing to unpack .../122-libcups2_2.4.1op1-1ubuntu4.12_amd64.deb ...
Unpacking libcups2:amd64 (2.4.1op1-1ubuntu4.12) ...
Selecting previously unselected package libdata-dump-perl.
Preparing to unpack .../123-libdata-dump-perl_1.25-1_all.deb ...
Unpacking libdata-dump-perl (1.25-1) ...
Selecting previously unselected package libnet-domain-tld-perl.
Preparing to unpack .../124-libnet-domain-tld-perl_1.75-1.1_all.deb ...
Unpacking libnet-domain-tld-perl (1.75-1.1) ...
Selecting previously unselected package libdata-validate-domain-perl.
Preparing to unpack .../125-libdata-validate-domain-perl_0.10-1.1_all.deb ...
Unpacking libdata-validate-domain-perl (0.10-1.1) ...
Selecting previously unselected package libnet-ipv6addr-perl.
Preparing to unpack .../126-libnet-ipv6addr-perl_1.02-1_all.deb ...
Unpacking libnet-ipv6addr-perl (1.02-1) ...
Selecting previously unselected package libnet-netmask-perl.
Preparing to unpack .../127-libnet-netmask-perl_2.0001-1_all.deb ...
Unpacking libnet-netmask-perl (2.0001-1) ...
Selecting previously unselected package libnetaddr-ip-perl.
Preparing to unpack .../128-libnetaddr-ip-perl_4.079+dfsg-1build7_amd64.deb ...
Unpacking libnetaddr-ip-perl (4.079+dfsg-1build7) ...
Selecting previously unselected package libdata-validate-ip-perl.
Preparing to unpack .../129-libdata-validate-ip-perl_0.30-1_all.deb ...
Unpacking libdata-validate-ip-perl (0.30-1) ...
Selecting previously unselected package libdata-validate-uri-perl.
Preparing to unpack .../130-libdata-validate-uri-perl_0.07-2_all.deb ...
Unpacking libdata-validate-uri-perl (0.07-2) ...
Selecting previously unselected package libdaxctl1:amd64.
Preparing to unpack .../131-libdaxctl1_72.1-1_amd64.deb ...
Unpacking libdaxctl1:amd64 (72.1-1) ...
Selecting previously unselected package libwayland-client0:amd64.
Preparing to unpack .../132-libwayland-client0_1.20.0-1ubuntu0.1_amd64.deb ...
Unpacking libwayland-client0:amd64 (1.20.0-1ubuntu0.1) ...
Selecting previously unselected package libdecor-0-0:amd64.
Preparing to unpack .../133-libdecor-0-0_0.1.0-3build1_amd64.deb ...
Unpacking libdecor-0-0:amd64 (0.1.0-3build1) ...
Selecting previously unselected package libwayland-cursor0:amd64.
Preparing to unpack .../134-libwayland-cursor0_1.20.0-1ubuntu0.1_amd64.deb ...
Unpacking libwayland-cursor0:amd64 (1.20.0-1ubuntu0.1) ...
Selecting previously unselected package libdecor-0-plugin-1-cairo:amd64.
Preparing to unpack .../135-libdecor-0-plugin-1-cairo_0.1.0-3build1_amd64.deb ...
Unpacking libdecor-0-plugin-1-cairo:amd64 (0.1.0-3build1) ...
Selecting previously unselected package libdrm-amdgpu1:amd64.
Preparing to unpack .../136-libdrm-amdgpu1_2.4.113-2~ubuntu0.22.04.1_amd64.deb ...
Unpacking libdrm-amdgpu1:amd64 (2.4.113-2~ubuntu0.22.04.1) ...
Selecting previously unselected package libpciaccess0:amd64.
Preparing to unpack .../137-libpciaccess0_0.16-3_amd64.deb ...
Unpacking libpciaccess0:amd64 (0.16-3) ...
Selecting previously unselected package libdrm-intel1:amd64.
Preparing to unpack .../138-libdrm-intel1_2.4.113-2~ubuntu0.22.04.1_amd64.deb ...
Unpacking libdrm-intel1:amd64 (2.4.113-2~ubuntu0.22.04.1) ...
Selecting previously unselected package libdrm-nouveau2:amd64.
Preparing to unpack .../139-libdrm-nouveau2_2.4.113-2~ubuntu0.22.04.1_amd64.deb ...
Unpacking libdrm-nouveau2:amd64 (2.4.113-2~ubuntu0.22.04.1) ...
Selecting previously unselected package libdrm-radeon1:amd64.
Preparing to unpack .../140-libdrm-radeon1_2.4.113-2~ubuntu0.22.04.1_amd64.deb ...
Unpacking libdrm-radeon1:amd64 (2.4.113-2~ubuntu0.22.04.1) ...
Selecting previously unselected package libencode-locale-perl.
Preparing to unpack .../141-libencode-locale-perl_1.05-1.1_all.deb ...
Unpacking libencode-locale-perl (1.05-1.1) ...
Selecting previously unselected package libepoxy0:amd64.
Preparing to unpack .../142-libepoxy0_1.5.10-1_amd64.deb ...
Unpacking libepoxy0:amd64 (1.5.10-1) ...
Selecting previously unselected package libio-stty-perl.
Preparing to unpack .../143-libio-stty-perl_0.04-1_all.deb ...
Unpacking libio-stty-perl (0.04-1) ...
Selecting previously unselected package libio-pty-perl.
Preparing to unpack .../144-libio-pty-perl_1%3a1.15-2build2_amd64.deb ...
Unpacking libio-pty-perl (1:1.15-2build2) ...
Selecting previously unselected package libexpect-perl.
Preparing to unpack .../145-libexpect-perl_1.21-1.2_all.deb ...
Unpacking libexpect-perl (1.21-1.2) ...
Selecting previously unselected package libtimedate-perl.
Preparing to unpack .../146-libtimedate-perl_2.3300-2_all.deb ...
Unpacking libtimedate-perl (2.3300-2) ...
Selecting previously unselected package libhttp-date-perl.
Preparing to unpack .../147-libhttp-date-perl_6.05-1_all.deb ...
Unpacking libhttp-date-perl (6.05-1) ...
Selecting previously unselected package libfile-listing-perl.
Preparing to unpack .../148-libfile-listing-perl_6.14-1_all.deb ...
Unpacking libfile-listing-perl (6.14-1) ...
Selecting previously unselected package libfile-slurp-perl.
Preparing to unpack .../149-libfile-slurp-perl_9999.32-1_all.deb ...
Unpacking libfile-slurp-perl (9999.32-1) ...
Selecting previously unselected package libfile-which-perl.
Preparing to unpack .../150-libfile-which-perl_1.23-1_all.deb ...
Unpacking libfile-which-perl (1.23-1) ...
Selecting previously unselected package libfont-afm-perl.
Preparing to unpack .../151-libfont-afm-perl_1.20-3_all.deb ...
Unpacking libfont-afm-perl (1.20-3) ...
Selecting previously unselected package libfsverity0:amd64.
Preparing to unpack .../152-libfsverity0_1.4-1~exp1build1_amd64.deb ...
Unpacking libfsverity0:amd64 (1.4-1~exp1build1) ...
Selecting previously unselected package libwayland-server0:amd64.
Preparing to unpack .../153-libwayland-server0_1.20.0-1ubuntu0.1_amd64.deb ...
Unpacking libwayland-server0:amd64 (1.20.0-1ubuntu0.1) ...
Selecting previously unselected package libxcb-randr0:amd64.
Preparing to unpack .../154-libxcb-randr0_1.14-3ubuntu3_amd64.deb ...
Unpacking libxcb-randr0:amd64 (1.14-3ubuntu3) ...
Selecting previously unselected package libgbm1:amd64.
Preparing to unpack .../155-libgbm1_23.2.1-1ubuntu3.1~22.04.3_amd64.deb ...
Unpacking libgbm1:amd64 (23.2.1-1ubuntu3.1~22.04.3) ...
Selecting previously unselected package libgdk-pixbuf2.0-bin.
Preparing to unpack .../156-libgdk-pixbuf2.0-bin_2.42.8+dfsg-1ubuntu0.4_amd64.deb ...
Unpacking libgdk-pixbuf2.0-bin (2.42.8+dfsg-1ubuntu0.4) ...
Selecting previously unselected package libgfxdr0:amd64.
Preparing to unpack .../157-libgfxdr0_10.1-1ubuntu0.2_amd64.deb ...
Unpacking libgfxdr0:amd64 (10.1-1ubuntu0.2) ...
Selecting previously unselected package libglusterfs0:amd64.
Preparing to unpack .../158-libglusterfs0_10.1-1ubuntu0.2_amd64.deb ...
Unpacking libglusterfs0:amd64 (10.1-1ubuntu0.2) ...
Selecting previously unselected package libgfrpc0:amd64.
Preparing to unpack .../159-libgfrpc0_10.1-1ubuntu0.2_amd64.deb ...
Unpacking libgfrpc0:amd64 (10.1-1ubuntu0.2) ...
Selecting previously unselected package libgfapi0:amd64.
Preparing to unpack .../160-libgfapi0_10.1-1ubuntu0.2_amd64.deb ...
Unpacking libgfapi0:amd64 (10.1-1ubuntu0.2) ...
Selecting previously unselected package libglapi-mesa:amd64.
Preparing to unpack .../161-libglapi-mesa_23.2.1-1ubuntu3.1~22.04.3_amd64.deb ...
Unpacking libglapi-mesa:amd64 (23.2.1-1ubuntu3.1~22.04.3) ...
Selecting previously unselected package libgl1-amber-dri:amd64.
Preparing to unpack .../162-libgl1-amber-dri_21.3.9-0ubuntu1~22.04.1_amd64.deb ...
Unpacking libgl1-amber-dri:amd64 (21.3.9-0ubuntu1~22.04.1) ...
Selecting previously unselected package libllvm15:amd64.
Preparing to unpack .../163-libllvm15_1%3a15.0.7-0ubuntu0.22.04.3_amd64.deb ...
Unpacking libllvm15:amd64 (1:15.0.7-0ubuntu0.22.04.3) ...
Selecting previously unselected package libsensors-config.
Preparing to unpack .../164-libsensors-config_1%3a3.6.0-7ubuntu1_all.deb ...
Unpacking libsensors-config (1:3.6.0-7ubuntu1) ...
Selecting previously unselected package libsensors5:amd64.
Preparing to unpack .../165-libsensors5_1%3a3.6.0-7ubuntu1_amd64.deb ...
Unpacking libsensors5:amd64 (1:3.6.0-7ubuntu1) ...
Selecting previously unselected package libxcb-dri3-0:amd64.
Preparing to unpack .../166-libxcb-dri3-0_1.14-3ubuntu3_amd64.deb ...
Unpacking libxcb-dri3-0:amd64 (1.14-3ubuntu3) ...
Selecting previously unselected package libgl1-mesa-dri:amd64.
Preparing to unpack .../167-libgl1-mesa-dri_23.2.1-1ubuntu3.1~22.04.3_amd64.deb ...
Unpacking libgl1-mesa-dri:amd64 (23.2.1-1ubuntu3.1~22.04.3) ...
Selecting previously unselected package libxcb-dri2-0:amd64.
Preparing to unpack .../168-libxcb-dri2-0_1.14-3ubuntu3_amd64.deb ...
Unpacking libxcb-dri2-0:amd64 (1.14-3ubuntu3) ...
Selecting previously unselected package libxcb-glx0:amd64.
Preparing to unpack .../169-libxcb-glx0_1.14-3ubuntu3_amd64.deb ...
Unpacking libxcb-glx0:amd64 (1.14-3ubuntu3) ...
Selecting previously unselected package libxcb-present0:amd64.
Preparing to unpack .../170-libxcb-present0_1.14-3ubuntu3_amd64.deb ...
Unpacking libxcb-present0:amd64 (1.14-3ubuntu3) ...
Selecting previously unselected package libxcb-sync1:amd64.
Preparing to unpack .../171-libxcb-sync1_1.14-3ubuntu3_amd64.deb ...
Unpacking libxcb-sync1:amd64 (1.14-3ubuntu3) ...
Selecting previously unselected package libxcb-xfixes0:amd64.
Preparing to unpack .../172-libxcb-xfixes0_1.14-3ubuntu3_amd64.deb ...
Unpacking libxcb-xfixes0:amd64 (1.14-3ubuntu3) ...
Selecting previously unselected package libxshmfence1:amd64.
Preparing to unpack .../173-libxshmfence1_1.3-1build4_amd64.deb ...
Unpacking libxshmfence1:amd64 (1.3-1build4) ...
Selecting previously unselected package libxxf86vm1:amd64.
Preparing to unpack .../174-libxxf86vm1_1%3a1.1.4-1build3_amd64.deb ...
Unpacking libxxf86vm1:amd64 (1:1.1.4-1build3) ...
Selecting previously unselected package libglx-mesa0:amd64.
Preparing to unpack .../175-libglx-mesa0_23.2.1-1ubuntu3.1~22.04.3_amd64.deb ...
Unpacking libglx-mesa0:amd64 (23.2.1-1ubuntu3.1~22.04.3) ...
Selecting previously unselected package libgomp1:amd64.
Preparing to unpack .../176-libgomp1_12.3.0-1ubuntu1~22.04.2_amd64.deb ...
Unpacking libgomp1:amd64 (12.3.0-1ubuntu1~22.04.2) ...
Selecting previously unselected package libgovirt-common.
Preparing to unpack .../177-libgovirt-common_0.3.8-1_all.deb ...
Unpacking libgovirt-common (0.3.8-1) ...
Selecting previously unselected package libsoup-gnome2.4-1:amd64.
Preparing to unpack .../178-libsoup-gnome2.4-1_2.74.2-3ubuntu0.6_amd64.deb ...
Unpacking libsoup-gnome2.4-1:amd64 (2.74.2-3ubuntu0.6) ...
Selecting previously unselected package librest-0.7-0:amd64.
Preparing to unpack .../179-librest-0.7-0_0.8.1-1.1build2_amd64.deb ...
Unpacking librest-0.7-0:amd64 (0.8.1-1.1build2) ...
Selecting previously unselected package libgovirt2:amd64.
Preparing to unpack .../180-libgovirt2_0.3.8-1_amd64.deb ...
Unpacking libgovirt2:amd64 (0.3.8-1) ...
Selecting previously unselected package libwayland-egl1:amd64.
Preparing to unpack .../181-libwayland-egl1_1.20.0-1ubuntu0.1_amd64.deb ...
Unpacking libwayland-egl1:amd64 (1.20.0-1ubuntu0.1) ...
Selecting previously unselected package libxcomposite1:amd64.
Preparing to unpack .../182-libxcomposite1_1%3a0.4.5-1build2_amd64.deb ...
Unpacking libxcomposite1:amd64 (1:0.4.5-1build2) ...
Selecting previously unselected package libxcursor1:amd64.
Preparing to unpack .../183-libxcursor1_1%3a1.2.0-2build4_amd64.deb ...
Unpacking libxcursor1:amd64 (1:1.2.0-2build4) ...
Selecting previously unselected package libxinerama1:amd64.
Preparing to unpack .../184-libxinerama1_2%3a1.1.4-3_amd64.deb ...
Unpacking libxinerama1:amd64 (2:1.1.4-3) ...
Selecting previously unselected package libxkbcommon0:amd64.
Preparing to unpack .../185-libxkbcommon0_1.4.0-1_amd64.deb ...
Unpacking libxkbcommon0:amd64 (1.4.0-1) ...
Selecting previously unselected package libxrandr2:amd64.
Preparing to unpack .../186-libxrandr2_2%3a1.5.2-1build1_amd64.deb ...
Unpacking libxrandr2:amd64 (2:1.5.2-1build1) ...
Selecting previously unselected package libgtk-3-common.
Preparing to unpack .../187-libgtk-3-common_3.24.33-1ubuntu2.2_all.deb ...
Unpacking libgtk-3-common (3.24.33-1ubuntu2.2) ...
Selecting previously unselected package libgtk-3-0:amd64.
Preparing to unpack .../188-libgtk-3-0_3.24.33-1ubuntu2.2_amd64.deb ...
Unpacking libgtk-3-0:amd64 (3.24.33-1ubuntu2.2) ...
Selecting previously unselected package libgtk-3-bin.
Preparing to unpack .../189-libgtk-3-bin_3.24.33-1ubuntu2.2_amd64.deb ...
Unpacking libgtk-3-bin (3.24.33-1ubuntu2.2) ...
Selecting previously unselected package libgvnc-1.0-0:amd64.
Preparing to unpack .../190-libgvnc-1.0-0_1.3.0-1ubuntu1_amd64.deb ...
Unpacking libgvnc-1.0-0:amd64 (1.3.0-1ubuntu1) ...
Selecting previously unselected package libgtk-vnc-2.0-0:amd64.
Preparing to unpack .../191-libgtk-vnc-2.0-0_1.3.0-1ubuntu1_amd64.deb ...
Unpacking libgtk-vnc-2.0-0:amd64 (1.3.0-1ubuntu1) ...
Selecting previously unselected package libhtml-tagset-perl.
Preparing to unpack .../192-libhtml-tagset-perl_3.20-4_all.deb ...
Unpacking libhtml-tagset-perl (3.20-4) ...
Selecting previously unselected package liburi-perl.
Preparing to unpack .../193-liburi-perl_5.10-1_all.deb ...
Unpacking liburi-perl (5.10-1) ...
Selecting previously unselected package libhtml-parser-perl:amd64.
Preparing to unpack .../194-libhtml-parser-perl_3.76-1build2_amd64.deb ...
Unpacking libhtml-parser-perl:amd64 (3.76-1build2) ...
Selecting previously unselected package libio-html-perl.
Preparing to unpack .../195-libio-html-perl_1.004-2_all.deb ...
Unpacking libio-html-perl (1.004-2) ...
Selecting previously unselected package liblwp-mediatypes-perl.
Preparing to unpack .../196-liblwp-mediatypes-perl_6.04-1_all.deb ...
Unpacking liblwp-mediatypes-perl (6.04-1) ...
Selecting previously unselected package libhttp-message-perl.
Preparing to unpack .../197-libhttp-message-perl_6.36-1_all.deb ...
Unpacking libhttp-message-perl (6.36-1) ...
Selecting previously unselected package libhtml-form-perl.
Preparing to unpack .../198-libhtml-form-perl_6.07-1_all.deb ...
Unpacking libhtml-form-perl (6.07-1) ...
Selecting previously unselected package libhtml-tree-perl.
Preparing to unpack .../199-libhtml-tree-perl_5.07-2_all.deb ...
Unpacking libhtml-tree-perl (5.07-2) ...
Selecting previously unselected package libhtml-format-perl.
Preparing to unpack .../200-libhtml-format-perl_2.12-1.1_all.deb ...
Unpacking libhtml-format-perl (2.12-1.1) ...
Selecting previously unselected package libhttp-cookies-perl.
Preparing to unpack .../201-libhttp-cookies-perl_6.10-1_all.deb ...
Unpacking libhttp-cookies-perl (6.10-1) ...
Selecting previously unselected package libhttp-daemon-perl.
Preparing to unpack .../202-libhttp-daemon-perl_6.13-1ubuntu0.1_all.deb ...
Unpacking libhttp-daemon-perl (6.13-1ubuntu0.1) ...
Selecting previously unselected package libhttp-negotiate-perl.
Preparing to unpack .../203-libhttp-negotiate-perl_6.01-1_all.deb ...
Unpacking libhttp-negotiate-perl (6.01-1) ...
Selecting previously unselected package perl-openssl-defaults:amd64.
Preparing to unpack .../204-perl-openssl-defaults_5build2_amd64.deb ...
Unpacking perl-openssl-defaults:amd64 (5build2) ...
Selecting previously unselected package libnet-ssleay-perl:amd64.
Preparing to unpack .../205-libnet-ssleay-perl_1.92-1build2_amd64.deb ...
Unpacking libnet-ssleay-perl:amd64 (1.92-1build2) ...
Selecting previously unselected package libio-socket-ssl-perl.
Preparing to unpack .../206-libio-socket-ssl-perl_2.074-2_all.deb ...
Unpacking libio-socket-ssl-perl (2.074-2) ...
Selecting previously unselected package librdmacm1:amd64.
Preparing to unpack .../207-librdmacm1_39.0-1_amd64.deb ...
Unpacking librdmacm1:amd64 (39.0-1) ...
Selecting previously unselected package libiscsi7:amd64.
Preparing to unpack .../208-libiscsi7_1.19.0-3build2_amd64.deb ...
Unpacking libiscsi7:amd64 (1.19.0-3build2) ...
Selecting previously unselected package libjte2:amd64.
Preparing to unpack .../209-libjte2_1.22-3build1_amd64.deb ...
Unpacking libjte2:amd64 (1.22-3build1) ...
Selecting previously unselected package libisofs6:amd64.
Preparing to unpack .../210-libisofs6_1.5.4-1_amd64.deb ...
Unpacking libisofs6:amd64 (1.5.4-1) ...
Selecting previously unselected package libisoburn1:amd64.
Preparing to unpack .../211-libisoburn1_1.5.4-2_amd64.deb ...
Unpacking libisoburn1:amd64 (1.5.4-2) ...
Selecting previously unselected package liblog-message-perl.
Preparing to unpack .../212-liblog-message-perl_0.8-1.1_all.deb ...
Unpacking liblog-message-perl (0.8-1.1) ...
Selecting previously unselected package liblog-message-simple-perl.
Preparing to unpack .../213-liblog-message-simple-perl_0.10-3_all.deb ...
Unpacking liblog-message-simple-perl (0.10-3) ...
Selecting previously unselected package liblua5.3-0:amd64.
Preparing to unpack .../214-liblua5.3-0_5.3.6-1build1_amd64.deb ...
Unpacking liblua5.3-0:amd64 (5.3.6-1build1) ...
Selecting previously unselected package libnet-http-perl.
Preparing to unpack .../215-libnet-http-perl_6.22-1_all.deb ...
Unpacking libnet-http-perl (6.22-1) ...
Selecting previously unselected package libtry-tiny-perl.
Preparing to unpack .../216-libtry-tiny-perl_0.31-1_all.deb ...
Unpacking libtry-tiny-perl (0.31-1) ...
Selecting previously unselected package libwww-robotrules-perl.
Preparing to unpack .../217-libwww-robotrules-perl_6.02-1_all.deb ...
Unpacking libwww-robotrules-perl (6.02-1) ...
Selecting previously unselected package libwww-perl.
Preparing to unpack .../218-libwww-perl_6.61-1_all.deb ...
Unpacking libwww-perl (6.61-1) ...
Selecting previously unselected package liblwp-protocol-https-perl.
Preparing to unpack .../219-liblwp-protocol-https-perl_6.10-1_all.deb ...
Unpacking liblwp-protocol-https-perl (6.10-1) ...
Selecting previously unselected package libnet-smtp-ssl-perl.
Preparing to unpack .../220-libnet-smtp-ssl-perl_1.04-1_all.deb ...
Unpacking libnet-smtp-ssl-perl (1.04-1) ...
Selecting previously unselected package libmailtools-perl.
Preparing to unpack .../221-libmailtools-perl_2.21-1_all.deb ...
Unpacking libmailtools-perl (2.21-1) ...
Selecting previously unselected package libmath-base85-perl.
Preparing to unpack .../222-libmath-base85-perl_0.5+dfsg-1_all.deb ...
Unpacking libmath-base85-perl (0.5+dfsg-1) ...
Selecting previously unselected package libndctl6:amd64.
Preparing to unpack .../223-libndctl6_72.1-1_amd64.deb ...
Unpacking libndctl6:amd64 (72.1-1) ...
Selecting previously unselected package libphodav-2.0-common.
Preparing to unpack .../224-libphodav-2.0-common_2.5-1_all.deb ...
Unpacking libphodav-2.0-common (2.5-1) ...
Selecting previously unselected package libphodav-2.0-0:amd64.
Preparing to unpack .../225-libphodav-2.0-0_2.5-1_amd64.deb ...
Unpacking libphodav-2.0-0:amd64 (2.5-1) ...
Selecting previously unselected package libpmem1:amd64.
Preparing to unpack .../226-libpmem1_1.11.1-3build1_amd64.deb ...
Unpacking libpmem1:amd64 (1.11.1-3build1) ...
Selecting previously unselected package libpmemobj1:amd64.
Preparing to unpack .../227-libpmemobj1_1.11.1-3build1_amd64.deb ...
Unpacking libpmemobj1:amd64 (1.11.1-3build1) ...
Selecting previously unselected package librados2.
Preparing to unpack .../228-librados2_17.2.9-0ubuntu0.22.04.1_amd64.deb ...
Unpacking librados2 (17.2.9-0ubuntu0.22.04.1) ...
Selecting previously unselected package librbd1.
Preparing to unpack .../229-librbd1_17.2.9-0ubuntu0.22.04.1_amd64.deb ...
Unpacking librbd1 (17.2.9-0ubuntu0.22.04.1) ...
Selecting previously unselected package librpmio9.
Preparing to unpack .../230-librpmio9_4.17.0+dfsg1-4build1_amd64.deb ...
Unpacking librpmio9 (4.17.0+dfsg1-4build1) ...
Selecting previously unselected package librpm9.
Preparing to unpack .../231-librpm9_4.17.0+dfsg1-4build1_amd64.deb ...
Unpacking librpm9 (4.17.0+dfsg1-4build1) ...
Selecting previously unselected package librpmbuild9.
Preparing to unpack .../232-librpmbuild9_4.17.0+dfsg1-4build1_amd64.deb ...
Unpacking librpmbuild9 (4.17.0+dfsg1-4build1) ...
Selecting previously unselected package librpmsign9.
Preparing to unpack .../233-librpmsign9_4.17.0+dfsg1-4build1_amd64.deb ...
Unpacking librpmsign9 (4.17.0+dfsg1-4build1) ...
Selecting previously unselected package librsvg2-2:amd64.
Preparing to unpack .../234-librsvg2-2_2.52.5+dfsg-3ubuntu0.2_amd64.deb ...
Unpacking librsvg2-2:amd64 (2.52.5+dfsg-3ubuntu0.2) ...
Selecting previously unselected package librsvg2-common:amd64.
Preparing to unpack .../235-librsvg2-common_2.52.5+dfsg-3ubuntu0.2_amd64.deb ...
Unpacking librsvg2-common:amd64 (2.52.5+dfsg-3ubuntu0.2) ...
Selecting previously unselected package libxss1:amd64.
Preparing to unpack .../236-libxss1_1%3a1.2.3-1build2_amd64.deb ...
Unpacking libxss1:amd64 (1:1.2.3-1build2) ...
Selecting previously unselected package libsdl2-2.0-0:amd64.
Preparing to unpack .../237-libsdl2-2.0-0_2.0.20+dfsg-2ubuntu1.22.04.1_amd64.deb ...
Unpacking libsdl2-2.0-0:amd64 (2.0.20+dfsg-2ubuntu1.22.04.1) ...
Selecting previously unselected package libslirp0:amd64.
Preparing to unpack .../238-libslirp0_4.6.1-1build1_amd64.deb ...
Unpacking libslirp0:amd64 (4.6.1-1build1) ...
Selecting previously unselected package libsocket6-perl.
Preparing to unpack .../239-libsocket6-perl_0.29-1build4_amd64.deb ...
Unpacking libsocket6-perl (0.29-1build4) ...
Selecting previously unselected package libsort-versions-perl.
Preparing to unpack .../240-libsort-versions-perl_1.62-1_all.deb ...
Unpacking libsort-versions-perl (1.62-1) ...
Selecting previously unselected package spice-client-glib-usb-acl-helper.
Preparing to unpack .../241-spice-client-glib-usb-acl-helper_0.39-3ubuntu1_amd64.deb ...
Unpacking spice-client-glib-usb-acl-helper (0.39-3ubuntu1) ...
Selecting previously unselected package libusbredirparser1:amd64.
Preparing to unpack .../242-libusbredirparser1_0.11.0-2build1_amd64.deb ...
Unpacking libusbredirparser1:amd64 (0.11.0-2build1) ...
Selecting previously unselected package libusbredirhost1:amd64.
Preparing to unpack .../243-libusbredirhost1_0.11.0-2build1_amd64.deb ...
Unpacking libusbredirhost1:amd64 (0.11.0-2build1) ...
Selecting previously unselected package libspice-client-glib-2.0-8:amd64.
Preparing to unpack .../244-libspice-client-glib-2.0-8_0.39-3ubuntu1_amd64.deb ...
Unpacking libspice-client-glib-2.0-8:amd64 (0.39-3ubuntu1) ...
Selecting previously unselected package libva-x11-2:amd64.
Preparing to unpack .../245-libva-x11-2_2.14.0-1_amd64.deb ...
Unpacking libva-x11-2:amd64 (2.14.0-1) ...
Selecting previously unselected package libspice-client-gtk-3.0-5:amd64.
Preparing to unpack .../246-libspice-client-gtk-3.0-5_0.39-3ubuntu1_amd64.deb ...
Unpacking libspice-client-gtk-3.0-5:amd64 (0.39-3ubuntu1) ...
Selecting previously unselected package libspice-server1:amd64.
Preparing to unpack .../247-libspice-server1_0.15.0-2ubuntu4_amd64.deb ...
Unpacking libspice-server1:amd64 (0.15.0-2ubuntu4) ...
Selecting previously unselected package libterm-size-perl.
Preparing to unpack .../248-libterm-size-perl_0.211-1build1_amd64.deb ...
Unpacking libterm-size-perl (0.211-1build1) ...
Selecting previously unselected package libterm-ui-perl.
Preparing to unpack .../249-libterm-ui-perl_0.50-1_all.deb ...
Unpacking libterm-ui-perl (0.50-1) ...
Selecting previously unselected package libtext-template-perl.
Preparing to unpack .../250-libtext-template-perl_1.60-1_all.deb ...
Unpacking libtext-template-perl (1.60-1) ...
Selecting previously unselected package libtpms0:amd64.
Preparing to unpack .../251-libtpms0_0.9.3-0ubuntu1.22.04.2_amd64.deb ...
Unpacking libtpms0:amd64 (0.9.3-0ubuntu1.22.04.2) ...
Selecting previously unselected package liburing2:amd64.
Preparing to unpack .../252-liburing2_2.1-2build1_amd64.deb ...
Unpacking liburing2:amd64 (2.1-2build1) ...
Selecting previously unselected package libvirglrenderer1:amd64.
Preparing to unpack .../253-libvirglrenderer1_0.9.1-1~exp1ubuntu2_amd64.deb ...
Unpacking libvirglrenderer1:amd64 (0.9.1-1~exp1ubuntu2) ...
Selecting previously unselected package libyajl2:amd64.
Preparing to unpack .../254-libyajl2_2.1.0-3ubuntu0.22.04.1_amd64.deb ...
Unpacking libyajl2:amd64 (2.1.0-3ubuntu0.22.04.1) ...
Selecting previously unselected package libvirt0:amd64.
Preparing to unpack .../255-libvirt0_8.0.0-1ubuntu7.14_amd64.deb ...
Unpacking libvirt0:amd64 (8.0.0-1ubuntu7.14) ...
Selecting previously unselected package libvirt-clients.
Preparing to unpack .../256-libvirt-clients_8.0.0-1ubuntu7.14_amd64.deb ...
Unpacking libvirt-clients (8.0.0-1ubuntu7.14) ...
Selecting previously unselected package libvirt-daemon-driver-qemu.
Preparing to unpack .../257-libvirt-daemon-driver-qemu_8.0.0-1ubuntu7.14_amd64.deb ...
Unpacking libvirt-daemon-driver-qemu (8.0.0-1ubuntu7.14) ...
Selecting previously unselected package libvirt-daemon.
Preparing to unpack .../258-libvirt-daemon_8.0.0-1ubuntu7.14_amd64.deb ...
Unpacking libvirt-daemon (8.0.0-1ubuntu7.14) ...
Selecting previously unselected package libvirt-daemon-config-network.
Preparing to unpack .../259-libvirt-daemon-config-network_8.0.0-1ubuntu7.14_all.deb ...
Unpacking libvirt-daemon-config-network (8.0.0-1ubuntu7.14) ...
Selecting previously unselected package libvirt-daemon-config-nwfilter.
Preparing to unpack .../260-libvirt-daemon-config-nwfilter_8.0.0-1ubuntu7.14_all.deb ...
Unpacking libvirt-daemon-config-nwfilter (8.0.0-1ubuntu7.14) ...
Selecting previously unselected package systemd-container.
Preparing to unpack .../261-systemd-container_249.11-0ubuntu3.17_amd64.deb ...
Unpacking systemd-container (249.11-0ubuntu3.17) ...
Selecting previously unselected package libvirt-daemon-system-systemd.
Preparing to unpack .../262-libvirt-daemon-system-systemd_8.0.0-1ubuntu7.14_all.deb ...
Unpacking libvirt-daemon-system-systemd (8.0.0-1ubuntu7.14) ...
Selecting previously unselected package libvirt-daemon-system.
Preparing to unpack .../263-libvirt-daemon-system_8.0.0-1ubuntu7.14_amd64.deb ...
Unpacking libvirt-daemon-system (8.0.0-1ubuntu7.14) ...
Selecting previously unselected package libvirt-glib-1.0-data.
Preparing to unpack .../264-libvirt-glib-1.0-data_4.0.0-2_all.deb ...
Unpacking libvirt-glib-1.0-data (4.0.0-2) ...
Selecting previously unselected package libvte-2.91-common.
Preparing to unpack .../265-libvte-2.91-common_0.68.0-1ubuntu0.1_amd64.deb ...
Unpacking libvte-2.91-common (0.68.0-1ubuntu0.1) ...
Selecting previously unselected package libvte-2.91-0:amd64.
Preparing to unpack .../266-libvte-2.91-0_0.68.0-1ubuntu0.1_amd64.deb ...
Unpacking libvte-2.91-0:amd64 (0.68.0-1ubuntu0.1) ...
Selecting previously unselected package libxentoolcore1:amd64.
Preparing to unpack .../267-libxentoolcore1_4.16.0-1~ubuntu2.1_amd64.deb ...
Unpacking libxentoolcore1:amd64 (4.16.0-1~ubuntu2.1) ...
Selecting previously unselected package libxentoollog1:amd64.
Preparing to unpack .../268-libxentoollog1_4.16.0-1~ubuntu2.1_amd64.deb ...
Unpacking libxentoollog1:amd64 (4.16.0-1~ubuntu2.1) ...
Selecting previously unselected package libxencall1:amd64.
Preparing to unpack .../269-libxencall1_4.16.0-1~ubuntu2.1_amd64.deb ...
Unpacking libxencall1:amd64 (4.16.0-1~ubuntu2.1) ...
Selecting previously unselected package libxendevicemodel1:amd64.
Preparing to unpack .../270-libxendevicemodel1_4.16.0-1~ubuntu2.1_amd64.deb ...
Unpacking libxendevicemodel1:amd64 (4.16.0-1~ubuntu2.1) ...
Selecting previously unselected package libxenevtchn1:amd64.
Preparing to unpack .../271-libxenevtchn1_4.16.0-1~ubuntu2.1_amd64.deb ...
Unpacking libxenevtchn1:amd64 (4.16.0-1~ubuntu2.1) ...
Selecting previously unselected package libxenforeignmemory1:amd64.
Preparing to unpack .../272-libxenforeignmemory1_4.16.0-1~ubuntu2.1_amd64.deb ...
Unpacking libxenforeignmemory1:amd64 (4.16.0-1~ubuntu2.1) ...
Selecting previously unselected package libxengnttab1:amd64.
Preparing to unpack .../273-libxengnttab1_4.16.0-1~ubuntu2.1_amd64.deb ...
Unpacking libxengnttab1:amd64 (4.16.0-1~ubuntu2.1) ...
Selecting previously unselected package libxenhypfs1:amd64.
Preparing to unpack .../274-libxenhypfs1_4.16.0-1~ubuntu2.1_amd64.deb ...
Unpacking libxenhypfs1:amd64 (4.16.0-1~ubuntu2.1) ...
Selecting previously unselected package libxenstore4:amd64.
Preparing to unpack .../275-libxenstore4_4.16.0-1~ubuntu2.1_amd64.deb ...
Unpacking libxenstore4:amd64 (4.16.0-1~ubuntu2.1) ...
Selecting previously unselected package libxenmisc4.16:amd64.
Preparing to unpack .../276-libxenmisc4.16_4.16.0-1~ubuntu2.1_amd64.deb ...
Unpacking libxenmisc4.16:amd64 (4.16.0-1~ubuntu2.1) ...
Selecting previously unselected package libxml2-utils.
Preparing to unpack .../277-libxml2-utils_2.9.13+dfsg-1ubuntu0.9_amd64.deb ...
Unpacking libxml2-utils (2.9.13+dfsg-1ubuntu0.9) ...
Selecting previously unselected package mdevctl.
Preparing to unpack .../278-mdevctl_0.81-1_all.deb ...
Unpacking mdevctl (0.81-1) ...
Selecting previously unselected package mesa-va-drivers:amd64.
Preparing to unpack .../279-mesa-va-drivers_23.2.1-1ubuntu3.1~22.04.3_amd64.deb ...
Unpacking mesa-va-drivers:amd64 (23.2.1-1ubuntu3.1~22.04.3) ...
Selecting previously unselected package osinfo-db.
Preparing to unpack .../280-osinfo-db_0.20250124-0ubuntu0.22.04.1_all.deb ...
Unpacking osinfo-db (0.20250124-0ubuntu0.22.04.1) ...
Selecting previously unselected package python3-libvirt.
Preparing to unpack .../281-python3-libvirt_8.0.0-1build1_amd64.deb ...
Unpacking python3-libvirt (8.0.0-1build1) ...
Selecting previously unselected package python3-libxml2:amd64.
Preparing to unpack .../282-python3-libxml2_2.9.13+dfsg-1ubuntu0.9_amd64.deb ...
Unpacking python3-libxml2:amd64 (2.9.13+dfsg-1ubuntu0.9) ...
Selecting previously unselected package libfdt1:amd64.
Preparing to unpack .../283-libfdt1_1.6.1-1_amd64.deb ...
Unpacking libfdt1:amd64 (1.6.1-1) ...
Selecting previously unselected package qemu-system-common.
Preparing to unpack .../284-qemu-system-common_1%3a6.2+dfsg-2ubuntu6.27_amd64.deb ...
Unpacking qemu-system-common (1:6.2+dfsg-2ubuntu6.27) ...
Selecting previously unselected package qemu-system-data.
Preparing to unpack .../285-qemu-system-data_1%3a6.2+dfsg-2ubuntu6.27_all.deb ...
Unpacking qemu-system-data (1:6.2+dfsg-2ubuntu6.27) ...
Selecting previously unselected package qemu-system-x86-xen.
Preparing to unpack .../286-qemu-system-x86-xen_1%3a6.2+dfsg-2ubuntu6.27_amd64.deb ...
Unpacking qemu-system-x86-xen (1:6.2+dfsg-2ubuntu6.27) ...
Selecting previously unselected package qemu-utils.
Preparing to unpack .../287-qemu-utils_1%3a6.2+dfsg-2ubuntu6.27_amd64.deb ...
Unpacking qemu-utils (1:6.2+dfsg-2ubuntu6.27) ...
Selecting previously unselected package qemu-block-extra.
Preparing to unpack .../288-qemu-block-extra_1%3a6.2+dfsg-2ubuntu6.27_amd64.deb ...
Unpacking qemu-block-extra (1:6.2+dfsg-2ubuntu6.27) ...
Selecting previously unselected package libglvnd0:amd64.
Preparing to unpack .../289-libglvnd0_1.4.0-1_amd64.deb ...
Unpacking libglvnd0:amd64 (1.4.0-1) ...
Selecting previously unselected package libglx0:amd64.
Preparing to unpack .../290-libglx0_1.4.0-1_amd64.deb ...
Unpacking libglx0:amd64 (1.4.0-1) ...
Selecting previously unselected package libgl1:amd64.
Preparing to unpack .../291-libgl1_1.4.0-1_amd64.deb ...
Unpacking libgl1:amd64 (1.4.0-1) ...
Selecting previously unselected package qemu-system-gui.
Preparing to unpack .../292-qemu-system-gui_1%3a6.2+dfsg-2ubuntu6.27_amd64.deb ...
Unpacking qemu-system-gui (1:6.2+dfsg-2ubuntu6.27) ...
Selecting previously unselected package rpm-common.
Preparing to unpack .../293-rpm-common_4.17.0+dfsg1-4build1_amd64.deb ...
Unpacking rpm-common (4.17.0+dfsg1-4build1) ...
Selecting previously unselected package rpm2cpio.
Preparing to unpack .../294-rpm2cpio_4.17.0+dfsg1-4build1_amd64.deb ...
Unpacking rpm2cpio (4.17.0+dfsg1-4build1) ...
Selecting previously unselected package rpm.
Preparing to unpack .../295-rpm_4.17.0+dfsg1-4build1_amd64.deb ...
Unpacking rpm (4.17.0+dfsg1-4build1) ...
Selecting previously unselected package seabios.
Preparing to unpack .../296-seabios_1.15.0-1_all.deb ...
Unpacking seabios (1.15.0-1) ...
Selecting previously unselected package swtpm.
Preparing to unpack .../297-swtpm_0.6.3-0ubuntu3.3_amd64.deb ...
Unpacking swtpm (0.6.3-0ubuntu3.3) ...
Selecting previously unselected package swtpm-tools.
Preparing to unpack .../298-swtpm-tools_0.6.3-0ubuntu3.3_amd64.deb ...
Unpacking swtpm-tools (0.6.3-0ubuntu3.3) ...
Selecting previously unselected package i965-va-driver:amd64.
Preparing to unpack .../299-i965-va-driver_2.4.1+dfsg1-1_amd64.deb ...
Unpacking i965-va-driver:amd64 (2.4.1+dfsg1-1) ...
Selecting previously unselected package va-driver-all:amd64.
Preparing to unpack .../300-va-driver-all_2.14.0-1_amd64.deb ...
Unpacking va-driver-all:amd64 (2.14.0-1) ...
Selecting previously unselected package libvirt-glib-1.0-0:amd64.
Preparing to unpack .../301-libvirt-glib-1.0-0_4.0.0-2_amd64.deb ...
Unpacking libvirt-glib-1.0-0:amd64 (4.0.0-2) ...
Selecting previously unselected package virt-viewer.
Preparing to unpack .../302-virt-viewer_7.0-2build2_amd64.deb ...
Unpacking virt-viewer (7.0-2build2) ...
Selecting previously unselected package xen-hypervisor-4.16-amd64.
Preparing to unpack .../303-xen-hypervisor-4.16-amd64_4.16.0-1~ubuntu2.1_amd64.deb ...
Unpacking xen-hypervisor-4.16-amd64 (4.16.0-1~ubuntu2.1) ...
Selecting previously unselected package xen-hypervisor-common.
Preparing to unpack .../304-xen-hypervisor-common_4.16.0-1~ubuntu2.1_all.deb ...
Unpacking xen-hypervisor-common (4.16.0-1~ubuntu2.1) ...
Selecting previously unselected package xenstore-utils.
Preparing to unpack .../305-xenstore-utils_4.16.0-1~ubuntu2.1_amd64.deb ...
Unpacking xenstore-utils (4.16.0-1~ubuntu2.1) ...
Selecting previously unselected package xen-utils-common.
Preparing to unpack .../306-xen-utils-common_4.16.0-1~ubuntu2.1_amd64.deb ...
Unpacking xen-utils-common (4.16.0-1~ubuntu2.1) ...
Selecting previously unselected package xen-utils-4.16.
Preparing to unpack .../307-xen-utils-4.16_4.16.0-1~ubuntu2.1_amd64.deb ...
Unpacking xen-utils-4.16 (4.16.0-1~ubuntu2.1) ...
Selecting previously unselected package xorriso.
Preparing to unpack .../308-xorriso_1.5.4-2_amd64.deb ...
Unpacking xorriso (1.5.4-2) ...
Selecting previously unselected package debootstrap.
Preparing to unpack .../309-debootstrap_1.0.126+nmu1ubuntu0.8_all.deb ...
Unpacking debootstrap (1.0.126+nmu1ubuntu0.8) ...
Selecting previously unselected package libosinfo-1.0-0:amd64.
Preparing to unpack .../310-libosinfo-1.0-0_1.8.0-1_amd64.deb ...
Unpacking libosinfo-1.0-0:amd64 (1.8.0-1) ...
Selecting previously unselected package gir1.2-libosinfo-1.0:amd64.
Preparing to unpack .../311-gir1.2-libosinfo-1.0_1.8.0-1_amd64.deb ...
Unpacking gir1.2-libosinfo-1.0:amd64 (1.8.0-1) ...
Selecting previously unselected package grub-xen-bin.
Preparing to unpack .../312-grub-xen-bin_2.06-2ubuntu7.2_amd64.deb ...
Unpacking grub-xen-bin (2.06-2ubuntu7.2) ...
Selecting previously unselected package grub-xen-host.
Preparing to unpack .../313-grub-xen-host_2.06-2ubuntu7.2_amd64.deb ...
Unpacking grub-xen-host (2.06-2ubuntu7.2) ...
Selecting previously unselected package libauthen-sasl-perl.
Preparing to unpack .../314-libauthen-sasl-perl_2.1600-1.1_all.deb ...
Unpacking libauthen-sasl-perl (2.1600-1.1) ...
Selecting previously unselected package libconfig-inifiles-perl.
Preparing to unpack .../315-libconfig-inifiles-perl_3.000003-1_all.deb ...
Unpacking libconfig-inifiles-perl (3.000003-1) ...
Selecting previously unselected package libnss-mymachines:amd64.
Preparing to unpack .../316-libnss-mymachines_249.11-0ubuntu3.17_amd64.deb ...
Unpacking libnss-mymachines:amd64 (249.11-0ubuntu3.17) ...
Selecting previously unselected package ovmf.
Preparing to unpack .../317-ovmf_2022.02-3ubuntu0.22.04.3_all.deb ...
Unpacking ovmf (2022.02-3ubuntu0.22.04.3) ...
Selecting previously unselected package rinse.
Preparing to unpack .../318-rinse_3.6_all.deb ...
Unpacking rinse (3.6) ...
Selecting previously unselected package virtinst.
Preparing to unpack .../319-virtinst_1%3a4.0.0-1_all.deb ...
Unpacking virtinst (1:4.0.0-1) ...
Selecting previously unselected package xen-tools.
Preparing to unpack .../320-xen-tools_4.9.1-1_all.deb ...
Unpacking xen-tools (4.9.1-1) ...
Setting up libconfig-inifiles-perl (3.000003-1) ...
Setting up libgraphite2-3:amd64 (1.3.14-1build2) ...
Setting up libxcb-dri3-0:amd64 (1.14-3ubuntu3) ...
Setting up liblcms2-2:amd64 (2.12~rc1-2build2) ...
Setting up libpixman-1-0:amd64 (0.40.0-1ubuntu0.22.04.1) ...
Setting up libxentoollog1:amd64 (4.16.0-1~ubuntu2.1) ...
Setting up libcdparanoia0:amd64 (3.10.2+debian-14build2) ...
Setting up libwayland-server0:amd64 (1.20.0-1ubuntu0.1) ...
Setting up libvirt-daemon-config-network (8.0.0-1ubuntu7.14) ...
Setting up libx11-xcb1:amd64 (2:1.7.5-1ubuntu0.3) ...
Setting up libpciaccess0:amd64 (0.16-3) ...
Setting up session-migration (0.3.6) ...
Created symlink /etc/systemd/user/graphical-session-pre.target.wants/session-migration.service → /usr/lib/systemd/user/session-migration.service.
Setting up libfile-which-perl (1.23-1) ...
Setting up debootstrap (1.0.126+nmu1ubuntu0.8) ...
Setting up libraw1394-11:amd64 (2.1.2-2build2) ...
Setting up libproxy1v5:amd64 (0.4.17-2) ...
Setting up libxentoolcore1:amd64 (4.16.0-1~ubuntu2.1) ...
Setting up libfile-slurp-perl (9999.32-1) ...
Setting up libdrm-nouveau2:amd64 (2.4.113-2~ubuntu0.22.04.1) ...
Setting up gir1.2-freedesktop:amd64 (1.72.0-1) ...
Setting up libtag1v5-vanilla:amd64 (1.11.1+dfsg.1-3ubuntu3) ...
Setting up libxdamage1:amd64 (1:1.1.5-2build2) ...
Setting up libmpg123-0:amd64 (1.29.3-1ubuntu0.1) ...
Setting up libxcb-xfixes0:amd64 (1.14-3ubuntu3) ...
Setting up libogg0:amd64 (1.3.5-0ubuntu3) ...
Setting up libspeex1:amd64 (1.2~rc1.2-1.1ubuntu3) ...
Setting up libcaca0:amd64 (0.99.beta19-2.2ubuntu4) ...
Setting up libio-stty-perl (0.04-1) ...
Setting up hicolor-icon-theme (0.17-2) ...
Setting up libxi6:amd64 (2:1.8-1build1) ...
Setting up libtwolame0:amd64 (0.4.0-2build2) ...
Setting up libfont-afm-perl (1.20-3) ...
Setting up libxrender1:amd64 (1:0.9.10-1build4) ...
Setting up libvte-2.91-common (0.68.0-1ubuntu0.1) ...
Setting up libdatrie1:amd64 (0.2.13-2) ...
Setting up libxencall1:amd64 (4.16.0-1~ubuntu2.1) ...
Setting up libio-pty-perl (1:1.15-2build2) ...
Setting up libterm-size-perl (0.211-1build1) ...
Setting up libvisual-0.4-0:amd64 (0.4.0-17build2) ...
Setting up libxcb-render0:amd64 (1.14-3ubuntu3) ...
Setting up libclone-perl (0.45-1build3) ...
Setting up libdrm-radeon1:amd64 (2.4.113-2~ubuntu0.22.04.1) ...
Setting up libboost-iostreams1.74.0:amd64 (1.74.0-14ubuntu3) ...
Setting up libglvnd0:amd64 (1.4.0-1) ...
Setting up libhtml-tagset-perl (3.20-4) ...
Setting up libauthen-sasl-perl (2.1600-1.1) ...
Setting up libxcb-glx0:amd64 (1.14-3ubuntu3) ...
Setting up libjte2:amd64 (1.22-3build1) ...
Setting up libdrm-intel1:amd64 (2.4.113-2~ubuntu0.22.04.1) ...
Setting up liblwp-mediatypes-perl (6.04-1) ...
Setting up libgdk-pixbuf2.0-common (2.42.8+dfsg-1ubuntu0.4) ...
Setting up spice-client-glib-usb-acl-helper (0.39-3ubuntu1) ...
Setting up libyajl2:amd64 (2.1.0-3ubuntu0.22.04.1) ...
Setting up debian-archive-keyring (2021.1.1ubuntu2) ...
Setting up x11-common (1:7.7+23ubuntu2) ...
Setting up libtry-tiny-perl (0.31-1) ...
Setting up libsensors-config (1:3.6.0-7ubuntu1) ...
Setting up xen-hypervisor-4.16-amd64 (4.16.0-1~ubuntu2.1) ...
Sourcing file `/etc/default/grub'
Sourcing file `/etc/default/grub.d/init-select.cfg'
Generating grub configuration file ...
Found linux image: /boot/vmlinuz-5.15.0-160-generic
Found initrd image: /boot/initrd.img-5.15.0-160-generic
Found linux image: /boot/vmlinuz-5.15.0-160-generic
Found initrd image: /boot/initrd.img-5.15.0-160-generic
Found linux image: /boot/vmlinuz-5.15.0-160-generic
Found initrd image: /boot/initrd.img-5.15.0-160-generic
Warning: os-prober will not be executed to detect other bootable partitions.
Systems on them will not be added to the GRUB boot configuration.
Check GRUB_DISABLE_OS_PROBER documentation entry.
done
Setting up libdeflate0:amd64 (1.10-2) ...
Setting up perl-openssl-defaults:amd64 (5build2) ...
Setting up libencode-locale-perl (1.05-1.1) ...
Setting up systemd (249.11-0ubuntu3.17) ...
Setting up libxcb-shm0:amd64 (1.14-3ubuntu3) ...
Setting up libgovirt-common (0.3.8-1) ...
Setting up libigdgmm12:amd64 (22.1.2+ds1-1) ...
Setting up libatspi2.0-0:amd64 (2.44.0-3) ...
Setting up dnsmasq-base (2.90-0ubuntu0.22.04.1) ...
Setting up libmath-base85-perl (0.5+dfsg-1) ...
Setting up libgomp1:amd64 (12.3.0-1ubuntu1~22.04.2) ...
Setting up libfdt1:amd64 (1.6.1-1) ...
Setting up libusbredirparser1:amd64 (0.11.0-2build1) ...
Setting up libjbig0:amd64 (2.1-3.1ubuntu0.22.04.1) ...
Setting up libcolord2:amd64 (1.4.6-1) ...
Setting up libnet-netmask-perl (2.0001-1) ...
Setting up libxxf86vm1:amd64 (1:1.1.4-1build3) ...
Setting up libflac8:amd64 (1.3.3-2ubuntu0.2) ...
Setting up libfsverity0:amd64 (1.4-1~exp1build1) ...
Setting up acl (2.3.1-1) ...
Setting up libnl-route-3-200:amd64 (3.5.0-0.1) ...
Setting up ovmf (2022.02-3ubuntu0.22.04.3) ...
Setting up libxcb-present0:amd64 (1.14-3ubuntu3) ...
Setting up libdconf1:amd64 (0.40.0-3ubuntu0.1) ...
Setting up libglusterfs0:amd64 (10.1-1ubuntu0.2) ...
Setting up liblog-message-perl (0.8-1.1) ...
Setting up libphodav-2.0-common (2.5-1) ...
Setting up python3-libxml2:amd64 (2.9.13+dfsg-1ubuntu0.9) ...
Setting up libasound2-data (1.2.6.1-1ubuntu1) ...
Setting up libnetaddr-ip-perl (4.079+dfsg-1build7) ...
Setting up libxenforeignmemory1:amd64 (4.16.0-1~ubuntu2.1) ...
Setting up libvirt-glib-1.0-data (4.0.0-2) ...
Setting up libva2:amd64 (2.14.0-1) ...
Setting up libdata-dump-perl (1.25-1) ...
Setting up libepoxy0:amd64 (1.5.10-1) ...
Setting up libxfixes3:amd64 (1:6.0.0-1) ...
Setting up libxcb-sync1:amd64 (1.14-3ubuntu3) ...
Setting up libnet-domain-tld-perl (1.75-1.1) ...
Setting up libexpect-perl (1.21-1.2) ...
Setting up libsocket6-perl (0.29-1build4) ...
Setting up libavahi-common-data:amd64 (0.8-5ubuntu5.2) ...
Setting up libopus0:amd64 (1.3.1-0.1build2) ...
Setting up libxinerama1:amd64 (2:1.1.4-3) ...
Setting up intel-media-va-driver:amd64 (22.3.1+dfsg1-1ubuntu2) ...
Setting up libxv1:amd64 (2:1.0.11-1build2) ...
Setting up libvorbis0a:amd64 (1.3.7-1build2) ...
Setting up libio-html-perl (1.004-2) ...
Setting up libxrandr2:amd64 (2:1.5.2-1build1) ...
Setting up libtext-template-perl (1.60-1) ...
Setting up liborc-0.4-0:amd64 (1:0.4.32-2ubuntu0.1) ...
Setting up fonts-dejavu-core (2.37-2build1) ...
Setting up xen-hypervisor-common (4.16.0-1~ubuntu2.1) ...
Sourcing file `/etc/default/grub'
Sourcing file `/etc/default/grub.d/init-select.cfg'
Sourcing file `/etc/default/grub.d/xen.cfg'
Including Xen overrides from /etc/default/grub.d/xen.cfg
WARNING: GRUB_DEFAULT changed to boot into Xen by default!
         Edit /etc/default/grub.d/xen.cfg to avoid this warning.
Generating grub configuration file ...
Found linux image: /boot/vmlinuz-5.15.0-160-generic
Found initrd image: /boot/initrd.img-5.15.0-160-generic
Found linux image: /boot/vmlinuz-5.15.0-160-generic
Found initrd image: /boot/initrd.img-5.15.0-160-generic
Found linux image: /boot/vmlinuz-5.15.0-160-generic
Found initrd image: /boot/initrd.img-5.15.0-160-generic
Warning: os-prober will not be executed to detect other bootable partitions.
Systems on them will not be added to the GRUB boot configuration.
Check GRUB_DISABLE_OS_PROBER documentation entry.
done
Setting up osinfo-db (0.20250124-0ubuntu0.22.04.1) ...
Setting up libpcsclite1:amd64 (1.9.5-3ubuntu1) ...
Setting up libsensors5:amd64 (1:3.6.0-7ubuntu1) ...
Setting up libjpeg-turbo8:amd64 (2.1.2-0ubuntu1) ...
Setting up libdaxctl1:amd64 (72.1-1) ...
Setting up libxenstore4:amd64 (4.16.0-1~ubuntu2.1) ...
Setting up libglapi-mesa:amd64 (23.2.1-1ubuntu3.1~22.04.3) ...
Setting up qemu-system-data (1:6.2+dfsg-2ubuntu6.27) ...
Setting up bridge-utils (1.7-1ubuntu3) ...
Setting up xenstore-utils (4.16.0-1~ubuntu2.1) ...
Setting up seabios (1.15.0-1) ...
Setting up libsoup2.4-common (2.74.2-3ubuntu0.6) ...
Setting up libwebp7:amd64 (1.2.2-2ubuntu0.22.04.2) ...
Setting up libtimedate-perl (2.3300-2) ...
Setting up libxcb-dri2-0:amd64 (1.14-3ubuntu3) ...
Setting up libxengnttab1:amd64 (4.16.0-1~ubuntu2.1) ...
Setting up libatk1.0-data (2.36.0-3build1) ...
Setting up libvirt0:amd64 (8.0.0-1ubuntu7.14) ...
Setting up systemd-container (249.11-0ubuntu3.17) ...
Created symlink /etc/systemd/system/multi-user.target.wants/machines.target → /lib/systemd/system/machines.target.
Setting up libslirp0:amd64 (4.6.1-1build1) ...
Setting up libdata-validate-domain-perl (0.10-1.1) ...
Setting up alsa-topology-conf (1.2.5.1-2) ...
Setting up libtag1v5:amd64 (1.11.1+dfsg.1-3ubuntu3) ...
Setting up libvirt-glib-1.0-0:amd64 (4.0.0-2) ...
Setting up libdv4:amd64 (1.0.0-14build1) ...
Setting up libasyncns0:amd64 (0.8-6build2) ...
Setting up libxshmfence1:amd64 (1.3-1build4) ...
Setting up libwavpack1:amd64 (5.4.0-1build2) ...
Setting up libxcb-randr0:amd64 (1.14-3ubuntu3) ...
Setting up ipxe-qemu (1.21.1+git-20220113.fbbdc3926-0ubuntu1) ...
Setting up liblua5.3-0:amd64 (5.3.6-1build1) ...
Setting up libllvm15:amd64 (1:15.0.7-0ubuntu0.22.04.3) ...
Setting up libasound2:amd64 (1.2.6.1-1ubuntu1) ...
Setting up libxenevtchn1:amd64 (4.16.0-1~ubuntu2.1) ...
Setting up debugedit (1:5.0-4build1) ...
Setting up libndctl6:amd64 (72.1-1) ...
Setting up libharfbuzz0b:amd64 (2.7.4-1ubuntu3.2) ...
Setting up libthai-data (0.1.29-1build1) ...
Setting up libvpx7:amd64 (1.11.0-2ubuntu2.4) ...
Setting up libatk1.0-0:amd64 (2.36.0-3build1) ...
Setting up libbrlapi0.8:amd64 (6.4-4ubuntu3) ...
Setting up grub-xen-bin (2.06-2ubuntu7.2) ...
Setting up libwayland-egl1:amd64 (1.20.0-1ubuntu0.1) ...
Setting up libxss1:amd64 (1:1.2.3-1build2) ...
Setting up libtpms0:amd64 (0.9.3-0ubuntu1.22.04.2) ...
Setting up libsort-versions-perl (1.62-1) ...
Setting up libburn4:amd64 (1.5.4-1) ...
Setting up glib-networking-common (2.72.0-1) ...
Setting up liburing2:amd64 (2.1-2build1) ...
Setting up libxml2-utils (2.9.13+dfsg-1ubuntu0.9) ...
Setting up libvirt-daemon-config-nwfilter (8.0.0-1ubuntu7.14) ...
Setting up libsamplerate0:amd64 (0.2.2-1build1) ...
Setting up libpmem1:amd64 (1.11.1-3build1) ...
Setting up libva-x11-2:amd64 (2.14.0-1) ...
Setting up libxcomposite1:amd64 (1:0.4.5-1build2) ...
Setting up libxendevicemodel1:amd64 (4.16.0-1~ubuntu2.1) ...
Setting up liburi-perl (5.10-1) ...
Setting up libonig5:amd64 (6.9.7.1-2build1) ...
Setting up libnet-ipv6addr-perl (1.02-1) ...
Setting up libmp3lame0:amd64 (3.100-3build2) ...
Setting up i965-va-driver:amd64 (2.4.1+dfsg1-1) ...
Setting up libvorbisenc2:amd64 (1.3.7-1build2) ...
Setting up librpmio9 (4.17.0+dfsg1-4build1) ...
Setting up libgfxdr0:amd64 (10.1-1ubuntu0.2) ...
Setting up libboost-thread1.74.0:amd64 (1.74.0-14ubuntu3) ...
Setting up libaa1:amd64 (1.4p5-50build1) ...
Setting up libiec61883-0:amd64 (1.2.0-4build3) ...
Setting up libdata-validate-ip-perl (0.30-1) ...
Setting up libdrm-amdgpu1:amd64 (2.4.113-2~ubuntu0.22.04.1) ...
Setting up libxkbcommon0:amd64 (1.4.0-1) ...
Setting up libwayland-client0:amd64 (1.20.0-1ubuntu0.1) ...
Setting up libnet-ssleay-perl:amd64 (1.92-1build2) ...
Setting up libjpeg8:amd64 (8c-2ubuntu10) ...
Setting up libavc1394-0:amd64 (0.5.4-5build2) ...
Setting up libisofs6:amd64 (1.5.4-1) ...
Setting up libgl1-amber-dri:amd64 (21.3.9-0ubuntu1~22.04.1) ...
Setting up librpm9 (4.17.0+dfsg1-4build1) ...
Setting up glib-networking-services (2.72.0-1) ...
Setting up libhttp-date-perl (6.05-1) ...
Setting up libibverbs1:amd64 (39.0-1) ...
Setting up systemd-sysv (249.11-0ubuntu3.17) ...
Setting up libfile-listing-perl (6.14-1) ...
Setting up libxenhypfs1:amd64 (4.16.0-1~ubuntu2.1) ...
Setting up libgbm1:amd64 (23.2.1-1ubuntu3.1~22.04.3) ...
Setting up ibverbs-providers:amd64 (39.0-1) ...
Setting up liblog-message-simple-perl (0.10-3) ...
Setting up alsa-ucm-conf (1.2.6.3-1ubuntu1.12) ...
Setting up libjq1:amd64 (1.6-2.1ubuntu3.1) ...
Setting up python3-libvirt (8.0.0-1build1) ...
Setting up fontconfig-config (2.13.1-4.2ubuntu5) ...
Setting up libxtst6:amd64 (2:1.2.3-1build4) ...
Setting up libvirt-clients (8.0.0-1ubuntu7.14) ...
Setting up libxcursor1:amd64 (1:1.2.0-2build4) ...
Setting up libgl1-mesa-dri:amd64 (23.2.1-1ubuntu3.1~22.04.3) ...
Setting up libavahi-common3:amd64 (0.8-5ubuntu5.2) ...
Setting up libnet-http-perl (6.22-1) ...
Setting up libnss-systemd:amd64 (249.11-0ubuntu3.17) ...
Setting up libgstreamer-plugins-base1.0-0:amd64 (1.20.1-1ubuntu0.5) ...
Setting up dconf-service (0.40.0-3ubuntu0.1) ...
Setting up rpm-common (4.17.0+dfsg1-4build1) ...
Setting up libusbredirhost1:amd64 (0.11.0-2build1) ...
Setting up grub-xen-host (2.06-2ubuntu7.2) ...
Setting up libcacard0:amd64 (1:2.8.0-3build2) ...
Setting up libatk-bridge2.0-0:amd64 (2.38.0-3) ...
Setting up libthai0:amd64 (0.1.29-1build1) ...
Setting up libgstreamer-plugins-good1.0-0:amd64 (1.20.3-0ubuntu1.4) ...
Setting up libdata-validate-uri-perl (0.07-2) ...
Setting up libvirglrenderer1:amd64 (0.9.1-1~exp1ubuntu2) ...
Setting up libnss-mymachines:amd64 (249.11-0ubuntu3.17) ...
First installation detected...
Checking NSS setup...
Setting up librpmbuild9 (4.17.0+dfsg1-4build1) ...
Setting up swtpm (0.6.3-0ubuntu3.3) ...
Setting up libpmemobj1:amd64 (1.11.1-3build1) ...
Setting up libvirt-daemon-driver-qemu (8.0.0-1ubuntu7.14) ...
Setting up libisoburn1:amd64 (1.5.4-2) ...
Setting up xen-utils-common (4.16.0-1~ubuntu2.1) ...

Creating config file /etc/default/xen with new version
Setting up libvirt-daemon-system-systemd (8.0.0-1ubuntu7.14) ...
Setting up libwww-robotrules-perl (6.02-1) ...
Setting up libjack-jackd2-0:amd64 (1.9.20~dfsg-1) ...
Setting up librpmsign9 (4.17.0+dfsg1-4build1) ...
Setting up libwayland-cursor0:amd64 (1.20.0-1ubuntu0.1) ...
Setting up libhtml-parser-perl:amd64 (3.76-1build2) ...
Setting up jq (1.6-2.1ubuntu3.1) ...
Setting up libv4lconvert0:amd64 (1.22.1-2build1) ...
Setting up libpam-systemd:amd64 (249.11-0ubuntu3.17) ...
Setting up libdecor-0-0:amd64 (0.1.0-3build1) ...
Setting up libtiff5:amd64 (4.3.0-6ubuntu0.12) ...
Setting up libfontconfig1:amd64 (2.13.1-4.2ubuntu5) ...
Setting up libsndfile1:amd64 (1.0.31-2ubuntu0.2) ...
Setting up qemu-utils (1:6.2+dfsg-2ubuntu6.27) ...
Setting up mesa-va-drivers:amd64 (23.2.1-1ubuntu3.1~22.04.3) ...
Setting up libxenmisc4.16:amd64 (4.16.0-1~ubuntu2.1) ...
Setting up libvirt-daemon (8.0.0-1ubuntu7.14) ...
Setting up xorriso (1.5.4-2) ...
Setting up libgfrpc0:amd64 (10.1-1ubuntu0.2) ...
Setting up libavahi-client3:amd64 (0.8-5ubuntu5.2) ...
Setting up libio-socket-ssl-perl (2.074-2) ...
Setting up libhttp-message-perl (6.36-1) ...
Setting up libhtml-form-perl (6.07-1) ...
Setting up mdevctl (0.81-1) ...
Setting up librdmacm1:amd64 (39.0-1) ...
Setting up libhttp-negotiate-perl (6.01-1) ...
Setting up fontconfig (2.13.1-4.2ubuntu5) ...
Regenerating fonts cache... done.
Setting up librados2 (17.2.9-0ubuntu0.22.04.1) ...
Setting up libglx-mesa0:amd64 (23.2.1-1ubuntu3.1~22.04.3) ...
Setting up libterm-ui-perl (0.50-1) ...
Setting up libglx0:amd64 (1.4.0-1) ...
Setting up dconf-gsettings-backend:amd64 (0.40.0-3ubuntu0.1) ...
Setting up xen-tools (4.9.1-1) ...
Setting up libhttp-cookies-perl (6.10-1) ...
Setting up rpm2cpio (4.17.0+dfsg1-4build1) ...
Setting up libpulse0:amd64 (1:15.99.1+dfsg1-1ubuntu2.2) ...
Setting up libhtml-tree-perl (5.07-2) ...
Setting up libspice-server1:amd64 (0.15.0-2ubuntu4) ...
Setting up libpango-1.0-0:amd64 (1.50.6+ds-2ubuntu1) ...
Setting up rpm (4.17.0+dfsg1-4build1) ...
Setting up libhtml-format-perl (2.12-1.1) ...
Setting up libcairo2:amd64 (1.16.0-5ubuntu2) ...
Setting up libv4l-0:amd64 (1.22.1-2build1) ...
Setting up xen-utils-4.16 (4.16.0-1~ubuntu2.1) ...
ERROR:  Can't find hypervisor information in sysfs!
Setting up swtpm-tools (0.6.3-0ubuntu3.3) ...
Adding group `swtpm' (GID 122) ...
Done.
Warning: The home dir /var/lib/swtpm you specified can't be accessed: No such file or directory
Adding system user `swtpm' (UID 117) ...
Adding new user `swtpm' (UID 117) with group `swtpm' ...
Not creating home directory `/var/lib/swtpm'.
Setting up libgl1:amd64 (1.4.0-1) ...
Setting up libnet-smtp-ssl-perl (1.04-1) ...
Setting up libmailtools-perl (2.21-1) ...
Setting up va-driver-all:amd64 (2.14.0-1) ...
Setting up librbd1 (17.2.9-0ubuntu0.22.04.1) ...
Setting up libgfapi0:amd64 (10.1-1ubuntu0.2) ...
Setting up libcups2:amd64 (2.4.1op1-1ubuntu4.12) ...
Setting up libhttp-daemon-perl (6.13-1ubuntu0.1) ...
Setting up libtheora0:amd64 (1.1.1+dfsg.1-15ubuntu4) ...
Setting up libgdk-pixbuf-2.0-0:amd64 (2.42.8+dfsg-1ubuntu0.4) ...
Setting up libcairo-gobject2:amd64 (1.16.0-5ubuntu2) ...
Setting up libvirt-daemon-system (8.0.0-1ubuntu7.14) ...
Adding user libvirt-qemu to group libvirt-qemu
Enabling libvirt default network
Created symlink /etc/systemd/system/multi-user.target.wants/libvirtd.service → /lib/systemd/system/libvirtd.service.
Created symlink /etc/systemd/system/sockets.target.wants/virtlockd.socket → /lib/systemd/system/virtlockd.socket.
Created symlink /etc/systemd/system/sockets.target.wants/virtlogd.socket → /lib/systemd/system/virtlogd.socket.
Created symlink /etc/systemd/system/sockets.target.wants/libvirtd.socket → /lib/systemd/system/libvirtd.socket.
Created symlink /etc/systemd/system/sockets.target.wants/libvirtd-ro.socket → /lib/systemd/system/libvirtd-ro.socket.
Created symlink /etc/systemd/system/multi-user.target.wants/libvirt-guests.service → /lib/systemd/system/libvirt-guests.service.
virtlockd.service is a disabled or a static unit, not starting it.
virtlogd.service is a disabled or a static unit, not starting it.
Created symlink /etc/systemd/system/sockets.target.wants/libvirtd-admin.socket → /lib/systemd/system/libvirtd-admin.socket.
Created symlink /etc/systemd/system/sockets.target.wants/virtlockd-admin.socket → /lib/systemd/system/virtlockd-admin.socket.
Created symlink /etc/systemd/system/sockets.target.wants/virtlogd-admin.socket → /lib/systemd/system/virtlogd-admin.socket.
Setting up libvirt-daemon dnsmasq configuration.
Setting up libpangoft2-1.0-0:amd64 (1.50.6+ds-2ubuntu1) ...
Setting up libiscsi7:amd64 (1.19.0-3build2) ...
Setting up libsdl2-2.0-0:amd64 (2.0.20+dfsg-2ubuntu1.22.04.1) ...
Setting up qemu-block-extra (1:6.2+dfsg-2ubuntu6.27) ...
Created symlink /etc/systemd/system/multi-user.target.wants/run-qemu.mount → /lib/systemd/system/run-qemu.mount.
Setting up libgtk-3-common (3.24.33-1ubuntu2.2) ...
Setting up libpangocairo-1.0-0:amd64 (1.50.6+ds-2ubuntu1) ...
Setting up gsettings-desktop-schemas (42.0-1ubuntu1) ...
Setting up gtk-update-icon-cache (3.24.33-1ubuntu2.2) ...
Setting up gstreamer1.0-x:amd64 (1.20.1-1ubuntu0.5) ...
Setting up qemu-system-common (1:6.2+dfsg-2ubuntu6.27) ...
Created symlink /etc/systemd/system/multi-user.target.wants/qemu-kvm.service → /lib/systemd/system/qemu-kvm.service.
Setting up qemu-system-x86-xen (1:6.2+dfsg-2ubuntu6.27) ...
Setting up librsvg2-2:amd64 (2.52.5+dfsg-3ubuntu0.2) ...
Setting up libgvnc-1.0-0:amd64 (1.3.0-1ubuntu1) ...
Setting up gstreamer1.0-plugins-base:amd64 (1.20.1-1ubuntu0.5) ...
Setting up libshout3:amd64 (2.4.5-1build3) ...
Setting up libdecor-0-plugin-1-cairo:amd64 (0.1.0-3build1) ...
Setting up librsvg2-common:amd64 (2.52.5+dfsg-3ubuntu0.2) ...
Setting up libgdk-pixbuf2.0-bin (2.42.8+dfsg-1ubuntu0.4) ...
Setting up libwww-perl (6.61-1) ...
Setting up rinse (3.6) ...
Setting up adwaita-icon-theme (41.0-1ubuntu1) ...
update-alternatives: using /usr/share/icons/Adwaita/cursor.theme to provide /usr/share/icons/default/index.theme (x-cursor-theme) in auto mode
Setting up liblwp-protocol-https-perl (6.10-1) ...
Setting up humanity-icon-theme (0.6.16) ...
Setting up ubuntu-mono (20.10-0ubuntu2) ...
Processing triggers for man-db (2.10.2-1) ...
Processing triggers for dbus (1.12.20-2ubuntu4.1) ...
Processing triggers for shared-mime-info (2.1-2) ...
Processing triggers for install-info (6.8-4build1) ...
Processing triggers for initramfs-tools (0.140ubuntu13.4) ...
update-initramfs: Generating /boot/initrd.img-5.15.0-160-generic
W: Possible missing firmware /lib/firmware/ast_dp501_fw.bin for module ast
I: The initramfs will attempt to resume from /dev/sda3
I: (UUID=198298eb-04cc-4d6e-8c1a-1315258442f3)
I: Set the RESUME variable to override this.
Processing triggers for libglib2.0-0:amd64 (2.72.4-0ubuntu2.5) ...
Setting up libgtk-3-0:amd64 (3.24.33-1ubuntu2.2) ...
Processing triggers for libc-bin (2.35-0ubuntu3.11) ...
Setting up libgtk-3-bin (3.24.33-1ubuntu2.2) ...
Setting up libvte-2.91-0:amd64 (0.68.0-1ubuntu0.1) ...
Setting up at-spi2-core (2.44.0-3) ...
Setting up glib-networking:amd64 (2.72.0-1) ...
Setting up libgtk-vnc-2.0-0:amd64 (1.3.0-1ubuntu1) ...
Setting up libsoup2.4-1:amd64 (2.74.2-3ubuntu0.6) ...
Setting up qemu-system-gui (1:6.2+dfsg-2ubuntu6.27) ...
Setting up gstreamer1.0-plugins-good:amd64 (1.20.3-0ubuntu1.4) ...
Setting up libosinfo-1.0-0:amd64 (1.8.0-1) ...
Setting up libsoup-gnome2.4-1:amd64 (2.74.2-3ubuntu0.6) ...
Setting up gir1.2-libosinfo-1.0:amd64 (1.8.0-1) ...
Setting up libphodav-2.0-0:amd64 (2.5-1) ...
Setting up librest-0.7-0:amd64 (0.8.1-1.1build2) ...
Setting up virtinst (1:4.0.0-1) ...
Setting up libgovirt2:amd64 (0.3.8-1) ...
Setting up libspice-client-glib-2.0-8:amd64 (0.39-3ubuntu1) ...
Setting up libspice-client-gtk-3.0-5:amd64 (0.39-3ubuntu1) ...
Setting up virt-viewer (7.0-2build2) ...
Processing triggers for libgdk-pixbuf-2.0-0:amd64 (2.42.8+dfsg-1ubuntu0.4) ...
Processing triggers for libc-bin (2.35-0ubuntu3.11) ...
NEEDRESTART-VER: 3.5
NEEDRESTART-KCUR: 5.15.0-160-generic
NEEDRESTART-KEXP: 5.15.0-160-generic
NEEDRESTART-KSTA: 1
NEEDRESTART-UCSTA: 1
NEEDRESTART-UCCUR: 0x012d
NEEDRESTART-UCEXP: 0x012d
NEEDRESTART-SVC: dbus.service
NEEDRESTART-SVC: irqbalance.service
NEEDRESTART-SVC: ModemManager.service
NEEDRESTART-SVC: multipathd.service
NEEDRESTART-SVC: named.service
NEEDRESTART-SVC: networkd-dispatcher.service
NEEDRESTART-SVC: packagekit.service
NEEDRESTART-SVC: polkit.service
NEEDRESTART-SVC: rsyslog.service
NEEDRESTART-SVC: ssh.service
NEEDRESTART-SVC: systemd-logind.service
NEEDRESTART-SVC: udisks2.service
NEEDRESTART-SVC: unattended-upgrades.service
NEEDRESTART-SVC: user@1000.service
✓ Xen packages installed

Step 3: Verify installation...
ii  grub-xen-bin                           2.06-2ubuntu7.2                         amd64        GRand Unified Bootloader, version 2 (Xen modules)
ii  grub-xen-host                          2.06-2ubuntu7.2                         amd64        GRand Unified Bootloader, version 2 (Xen host version)
ii  libxencall1:amd64                      4.16.0-1~ubuntu2.1                      amd64        Xen runtime library - libxencall
ii  libxendevicemodel1:amd64               4.16.0-1~ubuntu2.1                      amd64        Xen runtime libraries - libxendevicemodel
ii  libxenevtchn1:amd64                    4.16.0-1~ubuntu2.1                      amd64        Xen runtime libraries - libxenevtchn
ii  libxenforeignmemory1:amd64             4.16.0-1~ubuntu2.1                      amd64        Xen runtime libraries - libxenforeignmemory
ii  libxengnttab1:amd64                    4.16.0-1~ubuntu2.1                      amd64        Xen runtime libraries - libxengnttab
ii  libxenhypfs1:amd64                     4.16.0-1~ubuntu2.1                      amd64        Xen runtime library - libxenhypfs
ii  libxenmisc4.16:amd64                   4.16.0-1~ubuntu2.1                      amd64        Xen runtime libraries - miscellaneous, versioned ABI
ii  libxenstore4:amd64                     4.16.0-1~ubuntu2.1                      amd64        Xen runtime libraries - libxenstore
ii  libxentoolcore1:amd64                  4.16.0-1~ubuntu2.1                      amd64        Xen runtime libraries - libxentoolcore
ii  libxentoollog1:amd64                   4.16.0-1~ubuntu2.1                      amd64        Xen runtime libraries - libxentoollog
ii  qemu-system-x86-xen                    1:6.2+dfsg-2ubuntu6.27                  amd64        QEMU full system emulation binaries (x86)
ii  xen-hypervisor-4.16-amd64              4.16.0-1~ubuntu2.1                      amd64        Xen Hypervisor on AMD64
ii  xen-hypervisor-common                  4.16.0-1~ubuntu2.1                      all          Xen Hypervisor - common files
ii  xen-tools                              4.9.1-1                                 all          Tools to manage Xen virtual servers
ii  xen-utils-4.16                         4.16.0-1~ubuntu2.1                      amd64        XEN administrative tools
ii  xen-utils-common                       4.16.0-1~ubuntu2.1                      amd64        Xen administrative tools - common files
ii  xenstore-utils                         4.16.0-1~ubuntu2.1                      amd64        Xenstore command line utilities for Xen

Step 4: Check Xen configuration directory...
✓ /etc/xen directory exists
total 32
drwxr-xr-x   3 root root 4096 Oct 25 07:15 .
drwxr-xr-x 115 root root 4096 Oct 25 07:16 ..
-rw-r--r--   1 root root 3017 Nov 26  2022 oxenstored.conf
drwxr-xr-x   2 root root 4096 Oct 25 07:15 scripts
-rw-r--r--   1 root root 1602 Jan 18  2022 xl.conf
-rw-r--r--   1 root root 1386 Oct  7  2021 xlexample.hvm
-rw-r--r--   1 root root 1145 Oct  7  2021 xlexample.pvhlinux
-rw-r--r--   1 root root 1250 Jul  3  2019 xlexample.pvlinux

Step 5: Check Xen binary...
✓ Xen xl tool found
ERROR:  Can't find hypervisor information in sysfs!
Xen not yet running (normal before reboot)

========================================
Installation Complete
========================================
✓ Xen hypervisor installed successfully

Next steps:
1. Configure Xen RT scheduler: ./08_configure_xen_rt.sh
2. Apply configuration: sudo ./09_apply_xen_config.sh
3. Reboot into Xen: sudo reboot

